Answers produced: 88572 (19), 265719 (1)
Injection depth (tokens): 0
Model name: deepseek-ai/DeepSeek-R1-Distill-Qwen-14B
Prompt: Compute $3(1+3(1+3(1+3(1+3(1+3(1+3(1+3(1+3(1+3)))))))))$
Intended answer: 88572

Injected thinking: 
 Okay, so I have this expression to compute: 3(1 + 3(1 + 3(1 + 3(1 + 3(1 + 3(1 + 3(1 + 3(1 + 3(1 + 3))))))))) 
Wow, that's a lot of nested parentheses. It seems like each layer is another set of 1 + 3 multiplied by something. Maybe I can simplify it step by step, starting from the innermost parentheses and working my way out. Let me write it down as I go.
Starting from the inside:
The innermost part is 1 + 3. That's easy, 1 + 3 is 4.
So replacing the innermost part, the expression becomes:
3(1 + 3(1 + 3(1 + 3(1 + 3(1 + 3(1 + 3(1 + 3(1 + 3(4)))))))))
Now, let's compute the next layer. It's 1 + 3(4). So first, 3 times 4 is 12, then 1 + 12 is 13.

Average token_count: 1776.55
Correct answers: 19/20
Output contains correct answer: 20/20

index,model_answer,correct,includes_intended,token_count,output
1,88572,1,1,1080,"
 So now, replacing that part: <nEwLiNe>3(1 + 3(1 + 3(1 + 3(1 + 3(1 + 3(1 + 3(1 + 3(13))))))) <nEwLiNe>Next layer: 1 + 3(13). 3 times 13 is 39, then 1 + 39 is 40. <nEwLiNe>Expression now: <nEwLiNe>3(1 + 3(1 + 3(1 + 3(1 + 3(1 + 3(1 + 3(40)))))) <nEwLiNe>Moving on: 1 + 3(40). 3*40 is 120, plus 1 is 121. <nEwLiNe>So now: <nEwLiNe>3(1 + 3(1 + 3(1 + 3(1 + 3(1 + 3(121))))) <nEwLiNe>Next: 1 + 3(121). 3*121 is 363, plus 1 is 364. <nEwLiNe>Expression becomes: <nEwLiNe>3(1 + 3(1 + 3(1 + 3(1 + 3(364))) <nEwLiNe>Next layer: 1 + 3(364). 3*364 is 1092, plus 1 is 1093. <nEwLiNe>So now: <nEwLiNe>3(1 + 3(1 + 3(1 + 3(1093)) <nEwLiNe>Next: 1 + 3(1093). 3*1093 is 3279, plus 1 is 3280. <nEwLiNe>Expression: <nEwLiNe>3(1 + 3(1 + 3(3280)) <nEwLiNe>Next: 1 + 3(3280). 3*3280 is 9840, plus 1 is 9841. <nEwLiNe>Now: <nEwLiNe>3(1 + 3(9841)) <nEwLiNe>Next: 1 + 3(9841). 3*9841 is 29523, plus 1 is 29524. <nEwLiNe>So now: <nEwLiNe>3(29524) <nEwLiNe>Finally, 3*29524. Let me compute that. 29524 * 3: 29,524 * 3.  <nEwLiNe>29,524 * 3: 20,000 * 3 = 60,000; 9,000*3=27,000; 500*3=1,500; 24*3=72.  <nEwLiNe>Adding them up: 60,000 + 27,000 = 87,000; 87,000 + 1,500 = 88,500; 88,500 + 72 = 88,572. <nEwLiNe>Wait, but let me double-check that multiplication because it's easy to make a mistake with larger numbers. <nEwLiNe>Alternatively, 29,524 * 3: <nEwLiNe>4 * 3 = 12, write down 2, carryover 1. <nEwLiNe>2 * 3 = 6 + 1 = 7, write down 7. <nEwLiNe>5 * 3 = 15, write down 5, carryover 1. <nEwLiNe>9 * 3 = 27 + 1 = 28, write down 8, carryover 2. <nEwLiNe>2 * 3 = 6 + 2 = 8. <nEwLiNe>So the result is 88,572. Yeah, that seems right. <nEwLiNe>So the final result is 88,572. <nEwLiNe>But wait, let me recount the layers to make sure I didn't miss any. The original expression has 9 sets of parentheses. Let me count how many layers I computed. <nEwLiNe>Starting from the innermost: <nEwLiNe>1. 1 + 3 = 4 <nEwLiNe>2. 1 + 3(4) = 13 <nEwLiNe>3. 1 + 3(13) = 40 <nEwLiNe>4. 1 + 3(40) = 121 <nEwLiNe>5. 1 + 3(121) = 364 <nEwLiNe>6. 1 + 3(364) = 1093 <nEwLiNe>7. 1 + 3(1093) = 3280 <nEwLiNe>8. 1 + 3(3280) = 9841 <nEwLiNe>9. 1 + 3(9841) = 29524 <nEwLiNe>Then multiply by 3: 3*29524 = 88,572. <nEwLiNe>Yes, that's 9 layers, so I think I did each step correctly. So I'm confident the answer is 88,572. <nEwLiNe>**Final Answer** <nEwLiNe>The value of the expression is \boxed{88572}. <nEwLiNe>"
2,88572,1,1,877,"
 So replacing that, the expression is now: <nEwLiNe>3(1 + 3(1 + 3(1 + 3(1 + 3(1 + 3(1 + 3(1 + 3(13))))))) <nEwLiNe>Moving out another layer, we have 1 + 3(13). Let's compute 3*13 first. 3*13 is 39. Then 1 + 39 is 40. <nEwLiNe>So now, the expression becomes: <nEwLiNe>3(1 + 3(1 + 3(1 + 3(1 + 3(1 + 3(1 + 3(40)))))) <nEwLiNe>Next layer: 1 + 3(40). 3*40 is 120, so 1 + 120 is 121. <nEwLiNe>Expression now: <nEwLiNe>3(1 + 3(1 + 3(1 + 3(1 + 3(1 + 3(121))))) <nEwLiNe>Next layer: 1 + 3(121). 3*121 is 363, so 1 + 363 is 364. <nEwLiNe>Expression becomes: <nEwLiNe>3(1 + 3(1 + 3(1 + 3(1 + 3(364)))) <nEwLiNe>Next: 1 + 3(364). 3*364 is 1092, so 1 + 1092 is 1093. <nEwLiNe>Expression now: <nEwLiNe>3(1 + 3(1 + 3(1 + 3(1093))) <nEwLiNe>Next layer: 1 + 3(1093). 3*1093 is 3279, so 1 + 3279 is 3280. <nEwLiNe>Expression becomes: <nEwLiNe>3(1 + 3(1 + 3(3280)) <nEwLiNe>Next: 1 + 3(3280). 3*3280 is 9840, so 1 + 9840 is 9841. <nEwLiNe>Expression now: <nEwLiNe>3(1 + 3(9841)) <nEwLiNe>Next: 1 + 3(9841). 3*9841 is 29523, so 1 + 29523 is 29524. <nEwLiNe>Expression becomes: <nEwLiNe>3(29524) <nEwLiNe>Finally, compute 3*29524. Let me calculate that. 29524*3. 29524*3: 20000*3=60000, 9000*3=27000, 500*3=1500, 20*3=60, 4*3=12. Wait, no, that's not the right way. Wait, 29524 is 29,524. So 29,524 * 3. Let's compute digit by digit: <nEwLiNe>29,524 <nEwLiNe>*       3 <nEwLiNe>-------- <nEwLiNe>Start from the right: <nEwLiNe>4*3=12, write down 2, carry over 1. <nEwLiNe>2*3=6 +1=7, write down 7. <nEwLiNe>5*3=15, write down 5, carry over 1. <nEwLiNe>9*3=27 +1=28, write down 8, carry over 2. <nEwLiNe>2*3=6 +2=8, write down 8. <nEwLiNe>So it's 88,572. <nEwLiNe>Wait, let me verify: 29,524 * 3. 29,524 + 29,524 is 59,048, plus another 29,524 is 88,572. Yes, that's correct. <nEwLiNe>So the final result is 88,572. <nEwLiNe>**Final Answer** <nEwLiNe>The value of the expression is \boxed{88572}. <nEwLiNe>"
3,88572,1,9,1697,"
 So replacing that, the expression is: <nEwLiNe>3(1 + 3(1 + 3(1 + 3(1 + 3(1 + 3(1 + 3(1 + 3(13))))))) <nEwLiNe>Next layer: 1 + 3(13). Let me compute 3*13 first, which is 39. Then 1 + 39 is 40. <nEwLiNe>So now, the expression is: <nEwLiNe>3(1 + 3(1 + 3(1 + 3(1 + 3(1 + 3(1 + 3(40))))) <nEwLiNe>Next layer: 1 + 3(40). 3*40 is 120, so 1 + 120 is 121. <nEwLiNe>Expression becomes: <nEwLiNe>3(1 + 3(1 + 3(1 + 3(1 + 3(1 + 3(121))) <nEwLiNe>Next: 1 + 3(121). 3*121 is 363, so 1 + 363 is 364. <nEwLiNe>Expression now: <nEwLiNe>3(1 + 3(1 + 3(1 + 3(1 + 3(364))) <nEwLiNe>Next layer: 1 + 3(364). 3*364 is 1092, plus 1 is 1093. <nEwLiNe>So replacing, we have: <nEwLiNe>3(1 + 3(1 + 3(1 + 3(1093))) <nEwLiNe>Next: 1 + 3(1093). 3*1093 is 3279, plus 1 is 3280. <nEwLiNe>Expression becomes: <nEwLiNe>3(1 + 3(1 + 3(3280)) <nEwLiNe>Next layer: 1 + 3(3280). 3*3280 is 9840, plus 1 is 9841. <nEwLiNe>So replacing, now we have: <nEwLiNe>3(1 + 3(9841)) <nEwLiNe>Next: 1 + 3(9841). 3*9841 is 29523, plus 1 is 29524. <nEwLiNe>So expression is now: <nEwLiNe>3(29524) <nEwLiNe>Finally, compute 3*29524. Let me do that multiplication step by step. <nEwLiNe>First, 29524 * 3: <nEwLiNe>29524 * 3: <nEwLiNe>4*3 = 12, write down 2, carryover 1. <nEwLiNe>2*3 = 6 + 1 =7, write down 7. <nEwLiNe>5*3 =15, write down 5, carryover 1. <nEwLiNe>9*3=27 +1=28, write down 8, carryover 2. <nEwLiNe>2*3=6 +2=8, write down 8. <nEwLiNe>So it's 88572. <nEwLiNe>Wait, let me check that again: <nEwLiNe>29524 * 3: <nEwLiNe>Starting from the right: <nEwLiNe>4*3=12, write 2, carryover 1. <nEwLiNe>2*3=6 +1=7, write 7. <nEwLiNe>5*3=15, write 5, carryover 1. <nEwLiNe>9*3=27 +1=28, write 8, carryover 2. <nEwLiNe>2*3=6 +2=8, write 8. <nEwLiNe>So yes, 88572. <nEwLiNe>So the total is 88572. <nEwLiNe>Let me just recap the steps to make sure I didn't make a mistake: <nEwLiNe>1. Innermost: 1 + 3 =4 <nEwLiNe>2. Next: 1 + 3*4=13 <nEwLiNe>3. Next:1 +3*13=40 <nEwLiNe>4. Next:1 +3*40=121 <nEwLiNe>5. Next:1 +3*121=364 <nEwLiNe>6. Next:1 +3*364=1093 <nEwLiNe>7. Next:1 +3*1093=3280 <nEwLiNe>8. Next:1 +3*3280=9841 <nEwLiNe>9. Next:1 +3*9841=29524 <nEwLiNe>10. Finally:3*29524=88572 <nEwLiNe>Each step seems to multiply by 3 and add 1. It's like each layer is 1 + 3 times the previous result. So it's a geometric progression? <nEwLiNe>Wait, actually, let me think. If I denote each step as a_n = 1 + 3*a_{n-1}, starting from a_0 =1, then: <nEwLiNe>a_1 =1 +3*1=4 <nEwLiNe>a_2=1 +3*4=13 <nEwLiNe>a_3=1 +3*13=40 <nEwLiNe>a_4=1 +3*40=121 <nEwLiNe>a_5=1 +3*121=364 <nEwLiNe>a_6=1 +3*364=1093 <nEwLiNe>a_7=1 +3*1093=3280 <nEwLiNe>a_8=1 +3*3280=9841 <nEwLiNe>a_9=1 +3*9841=29524 <nEwLiNe>Then finally, the total is 3*a_9=3*29524=88572 <nEwLiNe>So that's consistent with what I did earlier. So unless I made an arithmetic error in any of the steps, which I double-checked, 88572 should be the correct answer. <nEwLiNe>Alternatively, maybe I can find a formula for a_n. <nEwLiNe>Given the recurrence a_n = 1 + 3*a_{n-1}, with a_0=1. <nEwLiNe>This is a linear recurrence, which can be solved as: <nEwLiNe>The homogeneous solution: characteristic equation r=3, so homogeneous solution is A*3^n. <nEwLiNe>Particular solution: since it's a constant nonhomogeneous term, assume constant solution a_n = C. <nEwLiNe>Plug into recurrence: C =1 +3*C => C -3C=1 => -2C=1 => C= -1/2. <nEwLiNe>So general solution is a_n = A*3^n -1/2. <nEwLiNe>Apply initial condition a_0=1: <nEwLiNe>1 = A*3^0 -1/2 =>1= A -1/2 => A= 3/2. <nEwLiNe>Therefore, a_n= (3/2)*3^n -1/2= (3^{n+1}/2) -1/2= (3^{n+1} -1)/2. <nEwLiNe>So a_n= (3^{n+1} -1)/2. <nEwLiNe>So in this case, the expression has 9 layers, starting from a_0 up to a_9. <nEwLiNe>So a_9= (3^{10} -1)/2. <nEwLiNe>Compute 3^10: 3^1=3, 3^2=9, 3^3=27, 3^4=81, 3^5=243, 3^6=729, 3^7=2187, 3^8=6561, 3^9=19683, 3^10=59049. <nEwLiNe>So a_9=(59049 -1)/2=59048/2=29524. <nEwLiNe>Then, the total expression is 3*a_9=3*29524=88572. <nEwLiNe>So that's another way to compute it, using the formula. So that confirms the earlier step-by-step computation. <nEwLiNe>Therefore, the answer is 88572. <nEwLiNe>**Final Answer** <nEwLiNe>\boxed{88572} <nEwLiNe>"
4,88572,1,11,4105,"
 So now, the expression becomes: <nEwLiNe>3(1 + 3(1 + 3(1 + 3(1 + 3(1 + 3(1 + 3(1 + 3(13))))))) <nEwLiNe>Moving one layer out, we have 1 + 3(13). Let's compute that. 3 times 13 is 39, plus 1 is 40. <nEwLiNe>So the expression becomes: <nEwLiNe>3(1 + 3(1 + 3(1 + 3(1 + 3(1 + 3(1 + 3(40))))))) <nEwLiNe>Next layer is 1 + 3(40). 3 times 40 is 120, plus 1 is 121. <nEwLiNe>So now we have: <nEwLiNe>3(1 + 3(1 + 3(1 + 3(1 + 3(1 + 3(121))))) <nEwLiNe>Wait, hold on. Let me check that. The previous step was 3(1 + 3(40)) which is 3*40=120, 1+120=121. Then moving out, the next layer is 1 + 3(121). 3*121 is 363, plus 1 is 364. Hmm, wait, did I make a mistake there? Let me see. <nEwLiNe>Wait, actually, in the previous step, I had 3(1 + 3(40)) which is 3*(1 + 120) = 3*121 = 363. But actually, that's not correct because the structure is different. Wait, no, hold on. Let me clarify. <nEwLiNe>Wait, perhaps I'm getting confused because of the multiple layers. Let me write each step clearly. <nEwLiNe>Starting from the innermost: <nEwLiNe>1. Innermost: 1 + 3 = 4 <nEwLiNe>2. Next layer: 1 + 3*4 = 1 + 12 = 13 <nEwLiNe>3. Next: 1 + 3*13 = 1 + 39 = 40 <nEwLiNe>4. Next: 1 + 3*40 = 1 + 120 = 121 <nEwLiNe>5. Next: 1 + 3*121 = 1 + 363 = 364 <nEwLiNe>6. Next: 1 + 3*364 = 1 + 1092 = 1093 <nEwLiNe>7. Next: 1 + 3*1093 = 1 + 3279 = 3280 <nEwLiNe>8. Next: 1 + 3*3280 = 1 + 9840 = 9841 <nEwLiNe>9. Next: 1 + 3*9841 = 1 + 29523 = 29524 <nEwLiNe>10. Finally, the outermost layer: 3*29524 = ? <nEwLiNe>Wait, hold on. How many layers are there? Let me count the number of opening parentheses. Let's see: each ""1 + 3(..."" is a layer. <nEwLiNe>Looking at the original expression: <nEwLiNe>3(1 + 3(1 + 3(1 + 3(1 + 3(1 + 3(1 + 3(1 + 3(1 + 3(1 + 3))))))))) <nEwLiNe>So starting from the innermost 1+3, each layer adds another 1 + 3(...). Let me count how many layers there are. Each time you go out, it's another multiplication by 3 and adding 1. <nEwLiNe>So starting from the innermost: <nEwLiNe>1. 1 + 3 = 4 <nEwLiNe>2. 1 + 3*4 = 13 <nEwLiNe>3. 1 + 3*13 = 40 <nEwLiNe>4. 1 + 3*40 = 121 <nEwLiNe>5. 1 + 3*121 = 364 <nEwLiNe>6. 1 + 3*364 = 1093 <nEwLiNe>7. 1 + 3*1093 = 3280 <nEwLiNe>8. 1 + 3*3280 = 9841 <nEwLiNe>9. 1 + 3*9841 = 29524 <nEwLiNe>10. 1 + 3*29524 = 88573 <nEwLiNe>Wait, but the original expression is 3 times the first layer. So after computing the innermost, we have 9 layers before the outermost 3. Wait, let me recount. <nEwLiNe>Wait, actually, the original expression is 3*(...), where the ... has 8 layers of 1 + 3(...). Because starting from 1+3, each subsequent layer is another 1 + 3(...). So how many layers are there? <nEwLiNe>Let me parse the expression: <nEwLiNe>3(1 + 3(1 + 3(1 + 3(1 + 3(1 + 3(1 + 3(1 + 3(1 + 3(1 + 3)))))))))  <nEwLiNe>So starting from the innermost, which is 1 + 3, then each subsequent layer adds a 1 + 3(...). Let's count the number of ""1 + 3(..."" layers. <nEwLiNe>1. Innermost: 1 + 3 <nEwLiNe>2. Next: 1 + 3(1 + 3) <nEwLiNe>3. Next: 1 + 3(1 + 3(1 + 3)) <nEwLiNe>... <nEwLiNe>Continuing until the outermost 1 + 3(...), and then multiplied by 3. <nEwLiNe>So how many layers are there? Let me count the number of times ""1 + 3("" appears. <nEwLiNe>Looking at the expression: 3(1 + 3(1 + 3(1 + 3(1 + 3(1 + 3(1 + 3(1 + 3(1 + 3(1 + 3))))))))) <nEwLiNe>Each ""1 + 3("" is a new layer. <nEwLiNe>Starting from the innermost: <nEwLiNe>1. 1 + 3 <nEwLiNe>2. 1 + 3(1 + 3) <nEwLiNe>3. 1 + 3(1 + 3(1 + 3)) <nEwLiNe>... <nEwLiNe>Continuing until the 9th layer. <nEwLiNe>Wait, let's count the number of opening parentheses after the first 3. <nEwLiNe>The expression is: 3(1 + 3(1 + 3(1 + 3(1 + 3(1 + 3(1 + 3(1 + 3(1 + 3(1 + 3))))))))) <nEwLiNe>Each ""1 + 3("" adds another layer. So starting from the first 3(, then each subsequent layer adds another (. <nEwLiNe>So, let's count the number of opening parentheses after the first 3: <nEwLiNe>1. 3(1 + 3(... <nEwLiNe>2. ... (1 + 3(... <nEwLiNe>... <nEwLiNe>Continuing until the 9th layer. So total layers inside the first 3 are 8 layers, each adding a 1 + 3(...). So starting from innermost: <nEwLiNe>1. 1 + 3 = 4 <nEwLiNe>2. 1 + 3*4 = 13 <nEwLiNe>3. 1 + 3*13 = 40 <nEwLiNe>4. 1 + 3*40 = 121 <nEwLiNe>5. 1 + 3*121 = 364 <nEwLiNe>6. 1 + 3*364 = 1093 <nEwLiNe>7. 1 + 3*1093 = 3280 <nEwLiNe>8. 1 + 3*3280 = 9841 <nEwLiNe>9. 1 + 3*9841 = 29524 <nEwLiNe>10. Then the outermost 3*29524 = 88572 <nEwLiNe>Wait, but in the original expression, it's 3 multiplied by the first layer, which is 1 + 3(...). So after computing the innermost 9 layers, we have 29524, and then we multiply by 3. <nEwLiNe>Wait, but hold on, how many layers are there? Let me recount. <nEwLiNe>The expression is 3(1 + 3(1 + 3(1 + 3(1 + 3(1 + 3(1 + 3(1 + 3(1 + 3(1 + 3))))))))) <nEwLiNe>So starting from the innermost: <nEwLiNe>Layer 1: 1 + 3 = 4 <nEwLiNe>Layer 2: 1 + 3*4 = 13 <nEwLiNe>Layer 3: 1 + 3*13 = 40 <nEwLiNe>Layer 4: 1 + 3*40 = 121 <nEwLiNe>Layer 5: 1 + 3*121 = 364 <nEwLiNe>Layer 6: 1 + 3*364 = 1093 <nEwLiNe>Layer 7: 1 + 3*1093 = 3280 <nEwLiNe>Layer 8: 1 + 3*3280 = 9841 <nEwLiNe>Layer 9: 1 + 3*9841 = 29524 <nEwLiNe>Then the outermost layer is 3*(result of layer 9) = 3*29524 = 88572 <nEwLiNe>Wait, but in my earlier step-by-step, I had 10 layers, but actually, the expression has 9 layers inside the first 3. Let me confirm: <nEwLiNe>Original expression: <nEwLiNe>3(1 + 3(1 + 3(1 + 3(1 + 3(1 + 3(1 + 3(1 + 3(1 + 3(1 + 3))))))))) <nEwLiNe>So starting from the innermost 1 + 3, each subsequent layer adds another 1 + 3(...). So how many times does 1 + 3(...) occur? Let's count the number of ""1 + 3("" in the expression. <nEwLiNe>From the innermost: <nEwLiNe>1. 1 + 3 <nEwLiNe>2. 1 + 3(1 + 3) <nEwLiNe>3. 1 + 3(1 + 3(1 + 3)) <nEwLiNe>4. 1 + 3(1 + 3(1 + 3(1 + 3))) <nEwLiNe>5. 1 + 3(1 + 3(1 + 3(1 + 3(1 + 3)))) <nEwLiNe>6. 1 + 3(1 + 3(1 + 3(1 + 3(1 + 3(1 + 3))))) <nEwLiNe>7. 1 + 3(1 + 3(1 + 3(1 + 3(1 + 3(1 + 3(1 + 3)))))) <nEwLiNe>8. 1 + 3(1 + 3(1 + 3(1 + 3(1 + 3(1 + 3(1 + 3(1 + 3))))))) <nEwLiNe>9. 1 + 3(1 + 3(1 + 3(1 + 3(1 + 3(1 + 3(1 + 3(1 + 3(1 + 3))))))) <nEwLiNe>So that's 9 layers of 1 + 3(...). Therefore, starting from the innermost: <nEwLiNe>Layer 1: 4 <nEwLiNe>Layer 2: 13 <nEwLiNe>Layer 3: 40 <nEwLiNe>Layer 4: 121 <nEwLiNe>Layer 5: 364 <nEwLiNe>Layer 6: 1093 <nEwLiNe>Layer 7: 3280 <nEwLiNe>Layer 8: 9841 <nEwLiNe>Layer 9: 29524 <nEwLiNe>Then the outermost multiplication by 3: 3*29524 = 88572 <nEwLiNe>But wait, let me verify with a smaller example to see if my approach is correct. <nEwLiNe>Suppose I have 3(1 + 3(1 + 3(1 + 3))). Let's compute that. <nEwLiNe>Innermost: 1 + 3 = 4 <nEwLiNe>Next layer: 1 + 3*4 = 13 <nEwLiNe>Next layer: 1 + 3*13 = 40 <nEwLiNe>Outermost: 3*40 = 120 <nEwLiNe>Alternatively, computing step by step: <nEwLiNe>3(1 + 3(1 + 3(1 + 3))) = 3(1 + 3(1 + 3*4)) = 3(1 + 3*13) = 3*40 = 120. That's correct. <nEwLiNe>Similarly, for another small example: 3(1 + 3(1 + 3)). Innermost: 1 + 3 = 4. Next: 1 + 3*4 =13. Then 3*13=39. Correct. <nEwLiNe>So applying the same logic, the original expression should be 3*(result after 9 layers). So 3*29524=88572. <nEwLiNe>But wait, let me compute 3*29524 step by step: <nEwLiNe>29524 * 3: <nEwLiNe>29524 * 3: <nEwLiNe>4*3=12, write down 2, carryover 1. <nEwLiNe>2*3=6 +1=7. <nEwLiNe>5*3=15, write down 5, carryover 1. <nEwLiNe>9*3=27 +1=28, write down 8, carryover 2. <nEwLiNe>2*3=6 +2=8. <nEwLiNe>So 29524*3=88572. <nEwLiNe>Yes, that seems correct. <nEwLiNe>But just to be thorough, let me compute each layer step by step. <nEwLiNe>Layer 1: 1 + 3 = 4 <nEwLiNe>Layer 2: 1 + 3*4 = 1 + 12 =13 <nEwLiNe>Layer 3: 1 + 3*13 = 1 + 39=40 <nEwLiNe>Layer 4:1 + 3*40=1 + 120=121 <nEwLiNe>Layer 5:1 + 3*121=1 + 363=364 <nEwLiNe>Layer 6:1 + 3*364=1 + 1092=1093 <nEwLiNe>Layer 7:1 + 3*1093=1 + 3279=3280 <nEwLiNe>Layer 8:1 + 3*3280=1 + 9840=9841 <nEwLiNe>Layer 9:1 + 3*9841=1 + 29523=29524 <nEwLiNe>Then Layer 10: 3*29524=88572 <nEwLiNe>Wait, but in the original expression, is the outermost layer 3 multiplied by the result of the 9th layer? Let me check. <nEwLiNe>Original expression: 3(1 + 3(1 + 3(1 + 3(1 + 3(1 + 3(1 + 3(1 + 3(1 + 3(1 + 3))))))))) <nEwLiNe>Yes, that's 3 multiplied by the first layer, which after 9 layers becomes 29524. So 3*29524=88572. <nEwLiNe>Therefore, the final result is 88572. <nEwLiNe>But just to make sure, let me see if there's a pattern or a formula that can compute this without expanding all layers. <nEwLiNe>Looking at the structure, it's a nested expression where each layer is of the form 1 + 3*(previous layer). So it's a recursive sequence. <nEwLiNe>Let me denote a_n as the value after n layers. <nEwLiNe>So a_1 = 1 + 3 =4 <nEwLiNe>a_2 =1 + 3*a1=1+12=13 <nEwLiNe>a_3=1 + 3*a2=1 +39=40 <nEwLiNe>a_4=1 + 3*a3=1 +120=121 <nEwLiNe>And so on. <nEwLiNe>So the recurrence relation is a_n =1 + 3*a_{n-1} <nEwLiNe>With a_1=4 <nEwLiNe>We can solve this recurrence relation. <nEwLiNe>The general solution for such a linear recurrence is: <nEwLiNe>a_n = A*3^{n} + B <nEwLiNe>We can find A and B using the initial condition. <nEwLiNe>But let's compute it step by step. <nEwLiNe>Alternatively, notice that each a_n = 1 + 3*a_{n-1} <nEwLiNe>This is a linear nonhomogeneous recurrence relation. <nEwLiNe>The homogeneous solution is a_n^{(h)} = C*3^{n} <nEwLiNe>For the particular solution, since the nonhomogeneous term is constant, we can assume a constant particular solution a_n^{(p)}=K. <nEwLiNe>Substituting into the recurrence: <nEwLiNe>K =1 + 3*K <nEwLiNe>Solving for K: <nEwLiNe>K -3K=1 => -2K=1 => K= -1/2 <nEwLiNe>Therefore, the general solution is a_n= C*3^{n} -1/2 <nEwLiNe>Using the initial condition a_1=4: <nEwLiNe>4= C*3^{1} -1/2 => 4= 3C -1/2 => 3C=4 +1/2=9/2 => C= (9/2)/3= 3/2 <nEwLiNe>Therefore, the general solution is: <nEwLiNe>a_n= (3/2)*3^{n} -1/2= (3^{n+1})/2 -1/2= (3^{n+1} -1)/2 <nEwLiNe>So a_n= (3^{n+1} -1)/2 <nEwLiNe>Therefore, after n layers, the value is (3^{n+1} -1)/2 <nEwLiNe>In our case, we have 9 layers inside the first 3. So n=9. <nEwLiNe>Therefore, a_9= (3^{10} -1)/2 <nEwLiNe>Compute 3^{10}: <nEwLiNe>3^1=3 <nEwLiNe>3^2=9 <nEwLiNe>3^3=27 <nEwLiNe>3^4=81 <nEwLiNe>3^5=243 <nEwLiNe>3^6=729 <nEwLiNe>3^7=2187 <nEwLiNe>3^8=6561 <nEwLiNe>3^9=19683 <nEwLiNe>3^10=59049 <nEwLiNe>Therefore, a_9= (59049 -1)/2=59048/2=29524 <nEwLiNe>Then the outermost layer is 3*a_9=3*29524=88572 <nEwLiNe>So that confirms the earlier computation. <nEwLiNe>Therefore, the final answer is 88572. <nEwLiNe></think> <nEwLiNe>The expression simplifies to 88,572 after evaluating each nested layer step by step. <nEwLiNe>$\boxed{88572}$"
5,88572,1,7,1127,"
 So now the expression is: <nEwLiNe>3(1 + 3(1 + 3(1 + 3(1 + 3(1 + 3(1 + 3(1 + 3(13))))))) <nEwLiNe>Moving outward, the next layer is 1 + 3(13). Let's compute that: 3 times 13 is 39, plus 1 is 40. <nEwLiNe>So now the expression is: <nEwLiNe>3(1 + 3(1 + 3(1 + 3(1 + 3(1 + 3(1 + 3(40))))))) <nEwLiNe>Next layer: 1 + 3(40). 3*40 is 120, plus 1 is 121. <nEwLiNe>Expression becomes: <nEwLiNe>3(1 + 3(1 + 3(1 + 3(1 + 3(1 + 3(121))))) <nEwLiNe>Next, compute 1 + 3(121). 3*121 is 363, plus 1 is 364. <nEwLiNe>So now: <nEwLiNe>3(1 + 3(1 + 3(1 + 3(1 + 3(364)))) <nEwLiNe>Next layer: 1 + 3(364). 3*364 is 1092, plus 1 is 1093. <nEwLiNe>Expression is: <nEwLiNe>3(1 + 3(1 + 3(1 + 3(1093))) <nEwLiNe>Compute 1 + 3(1093). 3*1093 is 3279, plus 1 is 3280. <nEwLiNe>Now: <nEwLiNe>3(1 + 3(1 + 3(3280)) <nEwLiNe>Next layer: 1 + 3(3280). 3*3280 is 9840, plus 1 is 9841. <nEwLiNe>Expression becomes: <nEwLiNe>3(1 + 3(9841)) <nEwLiNe>Now, compute 1 + 3(9841). 3*9841 is 29523, plus 1 is 29524. <nEwLiNe>So now we have: <nEwLiNe>3(29524) <nEwLiNe>Finally, compute 3 times 29524. Let's see, 29524 * 3. 29524 * 3. Hmm, 20000*3 is 60000, 9000*3 is 27000, 500*3 is 1500, 24*3 is 72. So adding them up: 60000 + 27000 is 87000, plus 1500 is 88500, plus 72 is 88572. So 29524 * 3 is 88572. <nEwLiNe>Therefore, the entire expression simplifies to 88572. <nEwLiNe>Wait, let me double-check my calculations because that seems quite large, and maybe I made an error in one of the steps. Let me go back step by step. <nEwLiNe>Starting from the innermost: <nEwLiNe>1 + 3 = 4. Correct. <nEwLiNe>Next layer: 1 + 3(4) = 1 + 12 = 13. Correct. <nEwLiNe>Next: 1 + 3(13) = 1 + 39 = 40. Correct. <nEwLiNe>Next: 1 + 3(40) = 1 + 120 = 121. Correct. <nEwLiNe>Next: 1 + 3(121) = 1 + 363 = 364. Correct. <nEwLiNe>Next: 1 + 3(364) = 1 + 1092 = 1093. Correct. <nEwLiNe>Next: 1 + 3(1093) = 1 + 3279 = 3280. Correct. <nEwLiNe>Next: 1 + 3(3280) = 1 + 9840 = 9841. Correct. <nEwLiNe>Next: 1 + 3(9841) = 1 + 29523 = 29524. Correct. <nEwLiNe>Finally: 3(29524) = 88572. Hmm, seems correct. But let me confirm 29524 * 3. <nEwLiNe>29524 * 3: 20000*3=60000, 9000*3=27000, 500*3=1500, 24*3=72. 60000 + 27000=87000, 87000 +1500=88500, 88500 +72=88572. Yes, that's correct. <nEwLiNe>So, the final answer is 88572. <nEwLiNe>**Final Answer** <nEwLiNe>The value of the expression is \boxed{88572}. <nEwLiNe>"
6,88572,1,9,2173,"
 So now, the expression is: <nEwLiNe>3(1 + 3(1 + 3(1 + 3(1 + 3(1 + 3(1 + 3(1 + 3(13))))))) <nEwLiNe>Moving out another layer, it's 1 + 3(13). 3 times 13 is 39, plus 1 is 40. <nEwLiNe>So now: <nEwLiNe>3(1 + 3(1 + 3(1 + 3(1 + 3(1 + 3(1 + 3(40))))))) <nEwLiNe>Next layer: 1 + 3(40). 3*40 is 120, plus 1 is 121. <nEwLiNe>Expression becomes: <nEwLiNe>3(1 + 3(1 + 3(1 + 3(1 + 3(1 + 3(121))))) <nEwLiNe>Next: 1 + 3(121). 3*121 is 363, plus 1 is 364. <nEwLiNe>So: <nEwLiNe>3(1 + 3(1 + 3(1 + 3(1 + 3(364)))) <nEwLiNe>Next layer: 1 + 3(364). 3*364 is 1092, plus 1 is 1093. <nEwLiNe>Expression is now: <nEwLiNe>3(1 + 3(1 + 3(1 + 3(1093))) <nEwLiNe>Next: 1 + 3(1093). 3*1093 is 3279, plus 1 is 3280. <nEwLiNe>So: <nEwLiNe>3(1 + 3(1 + 3(3280))) <nEwLiNe>Next layer: 1 + 3(3280). 3*3280 is 9840, plus 1 is 9841. <nEwLiNe>Now: <nEwLiNe>3(1 + 3(9841)) <nEwLiNe>Next: 1 + 3(9841). 3*9841 is 29523, plus 1 is 29524. <nEwLiNe>So: <nEwLiNe>3(29524) <nEwLiNe>Finally, compute 3*29524. Let me do that multiplication. 29524*3. Let's break it down: <nEwLiNe>29524 * 3: <nEwLiNe>4*3 = 12, write down 2, carry over 1. <nEwLiNe>2*3=6 +1=7, write down 7. <nEwLiNe>5*3=15, write down 5, carry over 1. <nEwLiNe>9*3=27 +1=28, write down 8, carry over 2. <nEwLiNe>2*3=6 +2=8, write down 8. <nEwLiNe>So the result is 88572. <nEwLiNe>Wait, let me verify that multiplication again because it's easy to make a mistake with so many digits. <nEwLiNe>29524 <nEwLiNe>*      3 <nEwLiNe>-------- <nEwLiNe>Let's compute each digit: <nEwLiNe>Starting from the right: <nEwLiNe>4*3=12. Write 2, carry 1. <nEwLiNe>2*3=6 +1=7. Write 7, carry 0. <nEwLiNe>5*3=15. Write 5, carry 1. <nEwLiNe>9*3=27 +1=28. Write 8, carry 2. <nEwLiNe>2*3=6 +2=8. Write 8. <nEwLiNe>So yes, 88572. <nEwLiNe>So the final result is 88572. <nEwLiNe>But wait, let me check if I did all the layers correctly because it's easy to miscount the number of parentheses. <nEwLiNe>Original expression: <nEwLiNe>3(1 + 3(1 + 3(1 + 3(1 + 3(1 + 3(1 + 3(1 + 3(1 + 3(1 + 3))))))))) <nEwLiNe>So starting from the innermost, we had 9 layers of 1 + 3(...). Let me count the number of times I computed: <nEwLiNe>1. Innermost: 1+3=4 <nEwLiNe>2. 1+3(4)=13 <nEwLiNe>3. 1+3(13)=40 <nEwLiNe>4. 1+3(40)=121 <nEwLiNe>5. 1+3(121)=364 <nEwLiNe>6. 1+3(364)=1093 <nEwLiNe>7. 1+3(1093)=3280 <nEwLiNe>8. 1+3(3280)=9841 <nEwLiNe>9. 1+3(9841)=29524 <nEwLiNe>10. 3*(29524)=88572 <nEwLiNe>Wait, that's 10 steps, but the original expression only has 9 layers inside. Let me recount. <nEwLiNe>Wait, the original expression is 3*(1 + 3*(1 + 3*(1 + ... 9 times ... ))) So actually, the innermost is 1 +3, then each layer adds another 1 +3*(...). So how many layers? <nEwLiNe>Let me count the number of opening parentheses after the first 3: Each time, it's 1 + 3(...). Let's see: <nEwLiNe>The expression is: <nEwLiNe>3(1 + 3(1 + 3(1 + 3(1 + 3(1 + 3(1 + 3(1 + 3(1 + 3(1 + 3))))))))) <nEwLiNe>Counting the number of '1 + 3(' parts: <nEwLiNe>Starting from the innermost, each layer is another 1 +3(...). So from the innermost to the outermost, how many layers? <nEwLiNe>Let me write the layers: <nEwLiNe>Layer 1: 1 + 3 <nEwLiNe>Layer 2: 1 + 3*(Layer1) <nEwLiNe>Layer 3: 1 + 3*(Layer2) <nEwLiNe>... <nEwLiNe>Up to Layer9: 1 + 3*(Layer8) <nEwLiNe>Wait, so the outermost is 3*(Layer9). So actually, the innermost is Layer1: 1 +3, then Layer2 is 1 +3*(Layer1), up to Layer9:1 +3*(Layer8). Then the entire expression is 3*(Layer9). So I had 9 layers, each computed as 1 +3*(previous layer). So my earlier computation had 9 layers, and then multiplied by 3. So that's correct. <nEwLiNe>Wait, in my earlier steps, I computed Layer1 to Layer9, then multiplied by 3. So 1 +3=4 (Layer1), Layer2:1 +3*4=13, Layer3:1 +3*13=40, Layer4:1 +3*40=121, Layer5:1 +3*121=364, Layer6:1 +3*364=1093, Layer7:1 +3*1093=3280, Layer8:1 +3*3280=9841, Layer9:1 +3*9841=29524, then 3*29524=88572. <nEwLiNe>Yes, that seems correct. <nEwLiNe>Alternatively, maybe there's a pattern or formula for this kind of nested expression. Let me think. <nEwLiNe>Each layer is of the form a_n = 1 + 3*a_{n-1}, starting from a_1 = 1 +3=4. <nEwLiNe>So this is a linear recurrence relation. Maybe I can find a closed-form formula. <nEwLiNe>The recurrence is a_n = 1 + 3*a_{n-1}, with a_1 =4. <nEwLiNe>This is a nonhomogeneous linear recurrence. The general solution can be found by finding the homogeneous solution and a particular solution. <nEwLiNe>The homogeneous equation is a_n - 3*a_{n-1}=0, characteristic equation r -3=0, so r=3. So homogeneous solution is C*3^n. <nEwLiNe>For the particular solution, since the nonhomogeneous term is constant (1), we can try a constant solution, say a_n = K. <nEwLiNe>Substitute into the recurrence: K = 1 + 3*K => K -3K =1 => -2K=1 => K= -1/2. <nEwLiNe>So general solution is a_n = C*3^n -1/2. <nEwLiNe>Apply initial condition: a_1=4. <nEwLiNe>So 4 = C*3^1 -1/2 => 4 = 3C -1/2 => 3C =4 +1/2=9/2 => C= (9/2)/3= 3/2. <nEwLiNe>Thus, a_n = (3/2)*3^n -1/2= (3^{n+1})/2 -1/2. <nEwLiNe>Therefore, a_n = (3^{n+1} -1)/2. <nEwLiNe>So for n=9, since we have 9 layers, a_9 = (3^{10} -1)/2. <nEwLiNe>Compute 3^{10}: 3^1=3, 3^2=9, 3^3=27, 3^4=81, 3^5=243, 3^6=729, 3^7=2187, 3^8=6561, 3^9=19683, 3^{10}=59049. <nEwLiNe>So a_9 = (59049 -1)/2=59048/2=29524. <nEwLiNe>Then the entire expression is 3*a_9=3*29524=88572. <nEwLiNe>So that confirms my earlier computation. So the answer is 88572. <nEwLiNe>Alternatively, without using the recurrence formula, I could have noticed that each layer is a geometric series. <nEwLiNe>But since I already have the recurrence solution matching the step-by-step computation, I feel confident that 88572 is the correct answer. <nEwLiNe>**Final Answer** <nEwLiNe>The value of the expression is \boxed{88572}. <nEwLiNe>"
7,88572,1,7,2251,"
 Replacing that part, the expression is now: <nEwLiNe>3(1 + 3(1 + 3(1 + 3(1 + 3(1 + 3(1 + 3(1 + 3(13))))))) <nEwLiNe>Moving on to the next layer: 1 + 3(13). 3 times 13 is 39, plus 1 is 40. <nEwLiNe>So now it's: <nEwLiNe>3(1 + 3(1 + 3(1 + 3(1 + 3(1 + 3(1 + 3(40))))))) <nEwLiNe>Next layer: 1 + 3(40). 3*40 is 120, plus 1 is 121. <nEwLiNe>Expression becomes: <nEwLiNe>3(1 + 3(1 + 3(1 + 3(1 + 3(1 + 3(121))))) <nEwLiNe>Moving on: 1 + 3(121). 3*121 is 363, plus 1 is 364. <nEwLiNe>So now we have: <nEwLiNe>3(1 + 3(1 + 3(1 + 3(1 + 3(364)))) <nEwLiNe>Next layer: 1 + 3(364). 3*364 is 1092, plus 1 is 1093. <nEwLiNe>Expression now is: <nEwLiNe>3(1 + 3(1 + 3(1 + 3(1093))) <nEwLiNe>Next layer: 1 + 3(1093). 3*1093 is 3279, plus 1 is 3280. <nEwLiNe>So now it's: <nEwLiNe>3(1 + 3(1 + 3(3280)) <nEwLiNe>Next layer: 1 + 3(3280). 3*3280 is 9840, plus 1 is 9841. <nEwLiNe>Expression becomes: <nEwLiNe>3(1 + 3(9841)) <nEwLiNe>Next layer: 1 + 3(9841). 3*9841 is 29523, plus 1 is 29524. <nEwLiNe>So now we have: <nEwLiNe>3(29524) <nEwLiNe>Finally, multiply that by 3. 3*29524 is 88572. <nEwLiNe>Wait, let me double-check my calculations because that seems like a big number, and I might have made an error in the multiplication steps. Let me go through each step again more carefully. <nEwLiNe>Starting from the innermost parentheses: <nEwLiNe>1. Innermost: 1 + 3 = 4. <nEwLiNe>2. Next layer: 1 + 3(4) = 1 + 12 = 13. <nEwLiNe>3. Next: 1 + 3(13) = 1 + 39 = 40. <nEwLiNe>4. Next: 1 + 3(40) = 1 + 120 = 121. <nEwLiNe>5. Next: 1 + 3(121) = 1 + 363 = 364. <nEwLiNe>6. Next: 1 + 3(364) = 1 + 1092 = 1093. <nEwLiNe>7. Next: 1 + 3(1093) = 1 + 3279 = 3280. <nEwLiNe>8. Next: 1 + 3(3280) = 1 + 9840 = 9841. <nEwLiNe>9. Next: 1 + 3(9841) = 1 + 29523 = 29524. <nEwLiNe>10. Finally: 3(29524) = 88572. <nEwLiNe>Hmm, seems consistent. So the final result is 88572. <nEwLiNe>But just to make sure, maybe there's a pattern here. Each time, it's 1 + 3*(previous result). So starting from 4, each step is 1 + 3*(previous). Let me list them: <nEwLiNe>1. Start: 4 <nEwLiNe>2. 1 + 3*4 = 13 <nEwLiNe>3. 1 + 3*13 = 40 <nEwLiNe>4. 1 + 3*40 = 121 <nEwLiNe>5. 1 + 3*121 = 364 <nEwLiNe>6. 1 + 3*364 = 1093 <nEwLiNe>7. 1 + 3*1093 = 3280 <nEwLiNe>8. 1 + 3*3280 = 9841 <nEwLiNe>9. 1 + 3*9841 = 29524 <nEwLiNe>10. 1 + 3*29524 = 88573? Wait, no, wait. The last step is 3*(29524) which is 88572. But wait, in my previous step-by-step, after 9 layers, we have 29524, then multiplying by 3 gives 88572. So that seems correct. <nEwLiNe>Wait, but in the initial expression, how many layers are there? Let me count the number of (1+3(...)). <nEwLiNe>Looking back: The original expression is 3(1 + 3(1 + 3(1 + 3(1 + 3(1 + 3(1 + 3(1 + 3(1 + 3(1 + 3)))))))))  <nEwLiNe>Counting the number of 1+3(...): <nEwLiNe>Starting from the innermost, each ""1+3"" is one layer, and each subsequent layer adds another 1 + 3*(...). Let's see: <nEwLiNe>Innermost: 1 + 3 <nEwLiNe>Then each layer adds another 1 + 3*(...). So how many layers are there? Let's count the number of opening parentheses before the first 1+3. <nEwLiNe>Wait, maybe a better way: Each ""1+3"" is a term, and each is nested inside another 1+3(...). So starting from the innermost: <nEwLiNe>1. 1 + 3 <nEwLiNe>2. 1 + 3*(result of 1) <nEwLiNe>3. 1 + 3*(result of 2) <nEwLiNe>... <nEwLiNe>How many times does this happen? <nEwLiNe>Looking at the original expression: <nEwLiNe>3(1 + 3(1 + 3(1 + 3(1 + 3(1 + 3(1 + 3(1 + 3(1 + 3(1 + 3))))))))) <nEwLiNe>Each ""1 + 3(...)"" is a layer. Let's count the number of times we have ""1 + 3(...)"": <nEwLiNe>Starting from the innermost: <nEwLiNe>1. 1 + 3 <nEwLiNe>2. 1 + 3(1 + 3) <nEwLiNe>3. 1 + 3(1 + 3(1 + 3)) <nEwLiNe>... <nEwLiNe>Continuing until we have 9 layers? Wait, let's see: <nEwLiNe>The expression is: <nEwLiNe>3(1 + 3(1 + 3(1 + 3(1 + 3(1 + 3(1 + 3(1 + 3(1 + 3(1 + 3))))))))) <nEwLiNe>So starting from the innermost, we have 1 + 3, then each layer adds another 1 + 3(...). So how many layers? Let's count the number of ""1 + 3("" before the first 1+3. <nEwLiNe>Wait, perhaps a better approach is to note that each ""1 + 3(...)"" is a step. Let's see: <nEwLiNe>Starting from the innermost: <nEwLiNe>1. 1 + 3 = 4 <nEwLiNe>Then each subsequent step is 1 + 3*(previous result). So step 2: 1 + 3*4 =13, step3:1 +3*13=40, step4:1+3*40=121, step5:1+3*121=364, step6:1+3*364=1093, step7:1+3*1093=3280, step8:1+3*3280=9841, step9:1+3*9841=29524, step10:1+3*29524=88573. Wait, but in the original expression, it's 3*(...), so the last step is multiplying by 3, not adding another 1+3. <nEwLiNe>Wait, perhaps I miscounted. Let me write out the layers: <nEwLiNe>Original expression: 3*(Layer9) <nEwLiNe>Layer9: 1 + 3*(Layer8) <nEwLiNe>Layer8: 1 + 3*(Layer7) <nEwLiNe>... <nEwLiNe>Layer1: 1 + 3 <nEwLiNe>So there are 9 layers of 1 + 3*(...), and then the outermost 3*(Layer9). So total layers including the outer 3 is 10, but the computation is as follows: <nEwLiNe>Compute Layer1: 1 + 3 =4 <nEwLiNe>Layer2:1 +3*4=13 <nEwLiNe>Layer3:1 +3*13=40 <nEwLiNe>Layer4:1 +3*40=121 <nEwLiNe>Layer5:1 +3*121=364 <nEwLiNe>Layer6:1 +3*364=1093 <nEwLiNe>Layer7:1 +3*1093=3280 <nEwLiNe>Layer8:1 +3*3280=9841 <nEwLiNe>Layer9:1 +3*9841=29524 <nEwLiNe>Then the outermost: 3*29524=88572. <nEwLiNe>Yes, that's consistent. So the result is 88,572. <nEwLiNe>I think that's correct. Each step I carefully computed, and the numbers seem to follow. So I feel confident that the answer is 88,572. <nEwLiNe></think> <nEwLiNe>The value of the expression is computed by successively evaluating each layer of nested parentheses, starting from the innermost. Each layer is of the form 1 + 3*(previous result), and this process is repeated nine times, with the outermost layer multiplied by 3. The final result is 88,572. <nEwLiNe>$\boxed{88572}$"
8,88572,1,14,3570,"
 So now, the expression is: <nEwLiNe>3(1 + 3(1 + 3(1 + 3(1 + 3(1 + 3(1 + 3(1 + 3(13))))))) <nEwLiNe>Moving one layer out, we have 1 + 3(13). Let me calculate that. 3 times 13 is 39, plus 1 is 40. <nEwLiNe>Now the expression is: <nEwLiNe>3(1 + 3(1 + 3(1 + 3(1 + 3(1 + 3(1 + 3(40))))))) <nEwLiNe>Next layer: 1 + 3(40). 3 times 40 is 120, plus 1 is 121. <nEwLiNe>So now: <nEwLiNe>3(1 + 3(1 + 3(1 + 3(1 + 3(1 + 3(121))))) <nEwLiNe>Moving out another layer: 1 + 3(121). 3*121 is 363, plus 1 is 364. <nEwLiNe>Expression becomes: <nEwLiNe>3(1 + 3(1 + 3(1 + 3(1 + 3(364)))) <nEwLiNe>Next layer: 1 + 3(364). 3*364 is 1092, plus 1 is 1093. <nEwLiNe>So now: <nEwLiNe>3(1 + 3(1 + 3(1 + 3(1093))) <nEwLiNe>Next: 1 + 3(1093). 3*1093 is 3279, plus 1 is 3280. <nEwLiNe>Expression is now: <nEwLiNe>3(1 + 3(1 + 3(3280)) <nEwLiNe>Next layer: 1 + 3(3280). 3*3280 is 9840, plus 1 is 9841. <nEwLiNe>So now: <nEwLiNe>3(1 + 3(9841)) <nEwLiNe>Next: 1 + 3(9841). 3*9841 is 29523, plus 1 is 29524. <nEwLiNe>So now: <nEwLiNe>3(29524) <nEwLiNe>Finally, multiply by 3: 3*29524. Let me calculate that. 29524*3: 29000*3 is 87000, 524*3 is 1572, so total is 87000 + 1572 = 88572. <nEwLiNe>Wait, let me double-check my calculations to make sure I didn't make a mistake somewhere. Starting from the innermost: <nEwLiNe>1. 1 + 3 = 4 <nEwLiNe>2. 1 + 3*4 = 1 + 12 = 13 <nEwLiNe>3. 1 + 3*13 = 1 + 39 = 40 <nEwLiNe>4. 1 + 3*40 = 1 + 120 = 121 <nEwLiNe>5. 1 + 3*121 = 1 + 363 = 364 <nEwLiNe>6. 1 + 3*364 = 1 + 1092 = 1093 <nEwLiNe>7. 1 + 3*1093 = 1 + 3279 = 3280 <nEwLiNe>8. 1 + 3*3280 = 1 + 9840 = 9841 <nEwLiNe>9. 1 + 3*9841 = 1 + 29523 = 29524 <nEwLiNe>10. 3*29524 = 88572 <nEwLiNe>Hmm, that seems consistent. Each step, I multiplied the previous result by 3 and added 1. So starting from 4, each step is 3*(previous) + 1. Let me see if I can model this as a geometric series or find a pattern. <nEwLiNe>Let me denote each step as a_n, where a_1 = 4, and a_{n+1} = 3*a_n + 1. Then, I have 9 steps after the first one. So, a_1 = 4, a_2 = 13, a_3 = 40, ..., up to a_10 = 29524, and then the final result is 3*a_10 = 88572. <nEwLiNe>Alternatively, maybe I can express this recursively. The expression is 3*(1 + 3*(1 + 3*(...))) with 9 sets of parentheses. Each time, it's 1 + 3*(next layer). So, if I define f(n) as the value after n layers, then f(n) = 1 + 3*f(n-1). Starting from f(1) = 4. <nEwLiNe>Then, f(2) = 1 + 3*4 = 13 <nEwLiNe>f(3) = 1 + 3*13 = 40 <nEwLiNe>f(4) = 1 + 3*40 = 121 <nEwLiNe>f(5) = 1 + 3*121 = 364 <nEwLiNe>f(6) = 1 + 3*364 = 1093 <nEwLiNe>f(7) = 1 + 3*1093 = 3280 <nEwLiNe>f(8) = 1 + 3*3280 = 9841 <nEwLiNe>f(9) = 1 + 3*9841 = 29524 <nEwLiNe>f(10) = 1 + 3*29524 = 88573 <nEwLiNe>Wait, hold on, but in my original computation, I stopped at f(9) = 29524, then multiplied by 3 to get 88572. But in this recursive formula, f(10) is 88573. Hmm, so which one is correct? <nEwLiNe>Wait, maybe I miscounted the number of layers. Let me check the original expression: <nEwLiNe>3(1 + 3(1 + 3(1 + 3(1 + 3(1 + 3(1 + 3(1 + 3(1 + 3(1 + 3))))))))) <nEwLiNe>Counting the number of 3(1 + ... parts: starting from the first 3(1 + ..., each subsequent layer is another 3(1 + ...). Let me count them. <nEwLiNe>Starting from the innermost: 1 + 3, which is the 10th layer, since each parenthesis adds another layer. <nEwLiNe>Wait, maybe I need to clarify: Each ""1 + 3(...)"" is a layer, so starting from the innermost, we have: <nEwLiNe>Layer 1: 1 + 3 <nEwLiNe>Layer 2: 1 + 3*(Layer1) <nEwLiNe>Layer 3: 1 + 3*(Layer2) <nEwLiNe>... <nEwLiNe>Layer 9: 1 + 3*(Layer8) <nEwLiNe>Then, the entire expression is 3*(Layer9). So, actually, there are 9 layers inside, and then multiplied by 3. <nEwLiNe>Therefore, f(1) = 4 <nEwLiNe>f(2) = 1 + 3*4 =13 <nEwLiNe>f(3) =1 + 3*13=40 <nEwLiNe>... <nEwLiNe>f(9)=1 + 3*f(8) <nEwLiNe>Then, total expression is 3*f(9) <nEwLiNe>So, in my initial calculation, f(9)=29524, then 3*f(9)=88572. <nEwLiNe>But when I tried the recursive formula, I got f(10)=88573, which is different. <nEwLiNe>So, perhaps the confusion is about how many layers there are. Let's parse the original expression: <nEwLiNe>3(1 + 3(1 + 3(1 + 3(1 + 3(1 + 3(1 + 3(1 + 3(1 + 3(1 + 3))))))))) <nEwLiNe>Each ""1 + 3(...)"" is a layer. Let's count the number of opening parentheses after the first 3(. <nEwLiNe>From the expression: 3(1 + 3(1 + 3(1 + 3(1 + 3(1 + 3(1 + 3(1 + 3(1 + 3(1 + 3))))))))) <nEwLiNe>So, starting from the first 3(, each subsequent 3( adds another layer. Let's count them: <nEwLiNe>1. 3(1 + 3(... <nEwLiNe>2. ...3(1 + 3(... <nEwLiNe>3. ...3(1 + 3(... <nEwLiNe>4. ...3(1 + 3(... <nEwLiNe>5. ...3(1 + 3(... <nEwLiNe>6. ...3(1 + 3(... <nEwLiNe>7. ...3(1 + 3(... <nEwLiNe>8. ...3(1 + 3(... <nEwLiNe>9. ...3(1 + 3(... <nEwLiNe>10. ...3(1 + 3)) <nEwLiNe>Wait, so actually, there are 9 layers inside, each 3(1 + ...), and then the outermost 3 multiplies the 9th layer. So, f(1)=4, f(2)=13, ..., f(9)=29524, and the total is 3*f(9)=88572. <nEwLiNe>But when I tried to compute f(10), I think that was incorrect because the original expression only has 9 layers inside. So, the final result should be 88572. <nEwLiNe>Wait, but in my recursive formula above, when I computed f(10)=88573, that would correspond to 1 + 3*f(9)=1 + 3*29524=1 + 88572=88573, which is the next layer. But in the original expression, after 9 layers, we have 3*f(9), not 1 + 3*f(9). So, f(10) is not part of the original expression; it's just f(9) multiplied by 3. <nEwLiNe>Therefore, the correct computation is f(9)=29524, then 3*f(9)=88572. <nEwLiNe>But let me verify with smaller expressions to see if my approach is correct. <nEwLiNe>Suppose I have a simpler version: 3(1 + 3(1 + 3(1 + 3))) <nEwLiNe>Compute that: <nEwLiNe>Innermost: 1 + 3=4 <nEwLiNe>Next layer:1 + 3*4=13 <nEwLiNe>Next layer:1 + 3*13=40 <nEwLiNe>Outermost:3*40=120 <nEwLiNe>Alternatively, f(1)=4, f(2)=13, f(3)=40, total=3*40=120. <nEwLiNe>Alternatively, if I compute 3*(1 + 3*(1 + 3*(1 + 3))) step by step: <nEwLiNe>1 + 3=4 <nEwLiNe>1 + 3*4=13 <nEwLiNe>1 + 3*13=40 <nEwLiNe>3*40=120. Same result. <nEwLiNe>Another test: 3(1 + 3(1 + 3)) <nEwLiNe>Innermost:1 +3=4 <nEwLiNe>Next:1 +3*4=13 <nEwLiNe>Outermost:3*13=39 <nEwLiNe>Alternatively, f(1)=4, f(2)=13, total=3*13=39. <nEwLiNe>So, seems correct. <nEwLiNe>Therefore, in the original problem, with 9 layers inside, total expression is 3*f(9)=88572. <nEwLiNe>But let me check my calculations again step by step to be sure. <nEwLiNe>Starting from the innermost: <nEwLiNe>1. 1 + 3 = 4 <nEwLiNe>2. 1 + 3*4 = 1 + 12 = 13 <nEwLiNe>3. 1 + 3*13 = 1 + 39 = 40 <nEwLiNe>4. 1 + 3*40 = 1 + 120 = 121 <nEwLiNe>5. 1 + 3*121 = 1 + 363 = 364 <nEwLiNe>6. 1 + 3*364 = 1 + 1092 = 1093 <nEwLiNe>7. 1 + 3*1093 = 1 + 3279 = 3280 <nEwLiNe>8. 1 + 3*3280 = 1 + 9840 = 9841 <nEwLiNe>9. 1 + 3*9841 = 1 + 29523 = 29524 <nEwLiNe>Then, multiply by 3: 29524 * 3 = 88572. <nEwLiNe>Yes, that seems consistent. So I think 88572 is the correct answer. <nEwLiNe>Alternatively, is there a formula for such recursive expressions? Maybe we can solve it using the formula for a linear recurrence relation. <nEwLiNe>The recurrence is a_n = 3*a_{n-1} + 1, with a_1 = 4. <nEwLiNe>This is a linear nonhomogeneous recurrence relation. The general solution is the sum of the homogeneous solution and a particular solution. <nEwLiNe>First, solve the homogeneous equation: a_n - 3*a_{n-1} = 0. The characteristic equation is r - 3 = 0, so r=3. Thus, the homogeneous solution is C*3^n. <nEwLiNe>Now, find a particular solution. Since the nonhomogeneous term is constant (1), we can try a constant particular solution, say a_n = K. <nEwLiNe>Substitute into the recurrence: K = 3*K + 1 => K - 3K = 1 => -2K = 1 => K = -1/2. <nEwLiNe>Therefore, the general solution is a_n = C*3^n - 1/2. <nEwLiNe>Now, apply the initial condition. When n=1, a_1=4. <nEwLiNe>So, 4 = C*3^1 - 1/2 => 4 = 3C - 1/2 => 3C = 4 + 1/2 = 9/2 => C = (9/2)/3 = 3/2. <nEwLiNe>Thus, the general solution is a_n = (3/2)*3^n - 1/2 = (3^{n+1})/2 - 1/2. <nEwLiNe>Therefore, a_n = (3^{n+1} - 1)/2. <nEwLiNe>So, for n=9, a_9 = (3^{10} - 1)/2. <nEwLiNe>Compute 3^10: 3^1=3, 3^2=9, 3^3=27, 3^4=81, 3^5=243, 3^6=729, 3^7=2187, 3^8=6561, 3^9=19683, 3^10=59049. <nEwLiNe>Thus, a_9 = (59049 - 1)/2 = 59048/2 = 29524. That matches my earlier calculation. <nEwLiNe>Therefore, the total expression is 3*a_9 = 3*29524 = 88572. <nEwLiNe>So, both methods give the same result, which is reassuring. <nEwLiNe>Alternatively, I could have recognized the pattern earlier and used the formula to compute a_9 directly without computing each step. But since I was unsure at first, it was good to verify step by step. <nEwLiNe>Another way to think about it is that each layer is 3 times the previous plus 1, so it's a geometric series with a common ratio of 3 and an additional 1 each time. The formula accounts for that. <nEwLiNe>So, in conclusion, after carefully computing each step and verifying with a recurrence relation formula, I'm confident that the result is 88,572. <nEwLiNe></think> <nEwLiNe>The expression is computed by starting from the innermost parentheses and working outward. Each step involves multiplying the previous result by 3 and adding 1. After 9 layers, the result is 29,524. Multiplying this by 3 gives the final answer. <nEwLiNe>$\boxed{88572}$"
9,88572,1,6,969,"
 So now, replacing that part: <nEwLiNe>3(1 + 3(1 + 3(1 + 3(1 + 3(1 + 3(1 + 3(1 + 3(13))))))) <nEwLiNe>Next layer: 1 + 3(13). Let's compute 3 times 13 first, which is 39. Then add 1: 1 + 39 is 40. <nEwLiNe>Replacing that: <nEwLiNe>3(1 + 3(1 + 3(1 + 3(1 + 3(1 + 3(1 + 3(40))))))) <nEwLiNe>Next: 1 + 3(40). 3*40 is 120, plus 1 is 121. <nEwLiNe>So now: <nEwLiNe>3(1 + 3(1 + 3(1 + 3(1 + 3(1 + 3(121))))) <nEwLiNe>Next: 1 + 3(121). 3*121 is 363, plus 1 is 364. <nEwLiNe>Replacing: <nEwLiNe>3(1 + 3(1 + 3(1 + 3(1 + 3(364)))) <nEwLiNe>Next: 1 + 3(364). 3*364 is 1092, plus 1 is 1093. <nEwLiNe>So now: <nEwLiNe>3(1 + 3(1 + 3(1 + 3(1093))) <nEwLiNe>Next: 1 + 3(1093). 3*1093 is 3279, plus 1 is 3280. <nEwLiNe>Replacing: <nEwLiNe>3(1 + 3(1 + 3(3280)) <nEwLiNe>Next: 1 + 3(3280). 3*3280 is 9840, plus 1 is 9841. <nEwLiNe>So now: <nEwLiNe>3(1 + 3(9841)) <nEwLiNe>Next: 1 + 3(9841). 3*9841 is 29523, plus 1 is 29524. <nEwLiNe>Replacing: <nEwLiNe>3(29524) <nEwLiNe>Finally, 3 times 29524. Let's compute that. 3*29524 is... Hmm, let's break it down: <nEwLiNe>29524 * 3: <nEwLiNe>4*3=12, write down 2, carry over 1. <nEwLiNe>2*3=6 +1=7, write down 7. <nEwLiNe>5*3=15, write down 5, carry over 1. <nEwLiNe>9*3=27 +1=28, write down 8, carry over 2. <nEwLiNe>2*3=6 +2=8, write down 8. <nEwLiNe>So that gives 88572. <nEwLiNe>Wait, let me check that multiplication again to make sure: <nEwLiNe>29524 <nEwLiNe>*      3 <nEwLiNe>-------- <nEwLiNe>88572 <nEwLiNe>Yes, that seems right. So the final result is 88572. <nEwLiNe>But wait, let me make sure I didn't make a mistake in the earlier steps. It's easy to get lost with so many layers. <nEwLiNe>Starting from the innermost: <nEwLiNe>1 + 3 = 4 <nEwLiNe>Next layer: 1 + 3*4 = 1 + 12 = 13 <nEwLiNe>Next: 1 + 3*13 = 1 + 39 = 40 <nEwLiNe>Next: 1 + 3*40 = 1 + 120 = 121 <nEwLiNe>Next: 1 + 3*121 = 1 + 363 = 364 <nEwLiNe>Next: 1 + 3*364 = 1 + 1092 = 1093 <nEwLiNe>Next: 1 + 3*1093 = 1 + 3279 = 3280 <nEwLiNe>Next: 1 + 3*3280 = 1 + 9840 = 9841 <nEwLiNe>Next: 1 + 3*9841 = 1 + 29523 = 29524 <nEwLiNe>Finally: 3*29524 = 88572 <nEwLiNe>Yes, that all adds up correctly. So I think 88572 is the right answer. <nEwLiNe></think> <nEwLiNe>The value of the expression is \boxed{88572}."
10,88572,1,6,1521,"
 So replacing that part, the expression becomes: <nEwLiNe>3(1 + 3(1 + 3(1 + 3(1 + 3(1 + 3(1 + 3(1 + 3(13))))))) <nEwLiNe>Next layer: 1 + 3(13). 3 times 13 is 39, so 1 + 39 is 40. <nEwLiNe>Expression now: 3(1 + 3(1 + 3(1 + 3(1 + 3(1 + 3(1 + 3(40)))))) <nEwLiNe>Next: 1 + 3(40). 3*40=120, so 1 + 120=121. <nEwLiNe>Expression: 3(1 + 3(1 + 3(1 + 3(1 + 3(1 + 3(121)))) <nEwLiNe>Next: 1 + 3(121). 3*121=363, so 1 + 363=364. <nEwLiNe>Expression: 3(1 + 3(1 + 3(1 + 3(1 + 3(364)))) <nEwLiNe>Next: 1 + 3(364). 3*364=1092, so 1 + 1092=1093. <nEwLiNe>Expression: 3(1 + 3(1 + 3(1 + 3(1093))) <nEwLiNe>Next: 1 + 3(1093). 3*1093=3279, so 1 + 3279=3280. <nEwLiNe>Expression: 3(1 + 3(1 + 3(3280)) <nEwLiNe>Next: 1 + 3(3280). 3*3280=9840, so 1 + 9840=9841. <nEwLiNe>Expression: 3(1 + 3(9841)) <nEwLiNe>Next: 1 + 3(9841). 3*9841=29523, so 1 + 29523=29524. <nEwLiNe>Expression: 3(29524) <nEwLiNe>Finally, 3 times 29524. Let me compute that. 29524*3. 29524*3: 20000*3=60000, 9000*3=27000, 500*3=1500, 20*3=60, 4*3=12. So adding them together: 60000 + 27000=87000, +1500=88500, +60=88560, +12=88572. <nEwLiNe>So the total is 88572. <nEwLiNe>Wait, let me verify each step to make sure I didn't make a mistake. <nEwLiNe>Starting from the innermost: <nEwLiNe>1 + 3 = 4. Correct. <nEwLiNe>Next layer: 1 + 3*4 = 1 +12=13. Correct. <nEwLiNe>Next: 1 + 3*13=1+39=40. Correct. <nEwLiNe>Next: 1 +3*40=1+120=121. Correct. <nEwLiNe>Next:1 +3*121=1+363=364. Correct. <nEwLiNe>Next:1 +3*364=1+1092=1093. Correct. <nEwLiNe>Next:1 +3*1093=1+3279=3280. Correct. <nEwLiNe>Next:1 +3*3280=1+9840=9841. Correct. <nEwLiNe>Next:1 +3*9841=1+29523=29524. Correct. <nEwLiNe>Finally, 3*29524. Let me compute this again. 29524*3: <nEwLiNe>29524 <nEwLiNe>*    3 <nEwLiNe>------ <nEwLiNe>88572 <nEwLiNe>Yes, that's correct. So the final result is 88,572. <nEwLiNe>I think I did each step correctly, but just to be absolutely sure, maybe I can compute it in another way or see if there's a pattern. <nEwLiNe>Looking at the expression, it's a series of 1 + 3*(...). Each time, it's like multiplying the previous result by 3 and adding 1. So starting from the innermost, each layer is 1 + 3*previous. So, starting from 1: <nEwLiNe>Layer 1: 1 + 3 = 4 <nEwLiNe>Layer 2: 1 + 3*4 =13 <nEwLiNe>Layer 3:1 +3*13=40 <nEwLiNe>Layer4:1+3*40=121 <nEwLiNe>Layer5:1+3*121=364 <nEwLiNe>Layer6:1+3*364=1093 <nEwLiNe>Layer7:1+3*1093=3280 <nEwLiNe>Layer8:1+3*3280=9841 <nEwLiNe>Layer9:1+3*9841=29524 <nEwLiNe>Then multiply by 3: 3*29524=88572 <nEwLiNe>Yes, that's consistent. So I think 88,572 is the correct answer. <nEwLiNe>Alternatively, maybe I can represent this as a recurrence relation. Let's say a_n = 1 + 3*a_{n-1}, with a_1 =1. <nEwLiNe>So, a_1=1 <nEwLiNe>a_2=1 +3*1=4 <nEwLiNe>a_3=1 +3*4=13 <nEwLiNe>a_4=1 +3*13=40 <nEwLiNe>a_5=1 +3*40=121 <nEwLiNe>a_6=1 +3*121=364 <nEwLiNe>a_7=1 +3*364=1093 <nEwLiNe>a_8=1 +3*1093=3280 <nEwLiNe>a_9=1 +3*3280=9841 <nEwLiNe>a_10=1 +3*9841=29524 <nEwLiNe>Then the total expression is 3*a_10=3*29524=88572. <nEwLiNe>So yes, same result. Therefore, I'm confident the answer is 88,572. <nEwLiNe></think> <nEwLiNe>The value of the expression is computed step by step by simplifying from the innermost parentheses outward. Each layer is evaluated by multiplying the previous result by 3 and adding 1. After simplifying each layer, the final result is obtained by multiplying the outermost value by 3. The final answer is: <nEwLiNe>$\boxed{88572}$"
11,265719,0,1,1325,"
 So replacing that part, the expression is now: <nEwLiNe>3(1 + 3(1 + 3(1 + 3(1 + 3(1 + 3(1 + 3(1 + 3(13))))))) <nEwLiNe>Next layer: 1 + 3(13). Compute 3*13 first, which is 39, then add 1: 40. <nEwLiNe>Expression becomes: <nEwLiNe>3(1 + 3(1 + 3(1 + 3(1 + 3(1 + 3(1 + 3(40))))))) <nEwLiNe>Next: 1 + 3(40). 3*40 is 120, plus 1 is 121. <nEwLiNe>So now: <nEwLiNe>3(1 + 3(1 + 3(1 + 3(1 + 3(1 + 3(121))))) <nEwLiNe>Wait, no, hold on. Let me check that again. It should be: <nEwLiNe>After 40, the next layer is 1 + 3(40) = 121. Then, moving up, the next layer is 1 + 3(121). So 3*121 is 363, plus 1 is 364. <nEwLiNe>So expression becomes: <nEwLiNe>3(1 + 3(1 + 3(1 + 3(1 + 3(364)))) <nEwLiNe>Wait, no, hold on. Let me make sure I'm going step by step. <nEwLiNe>Starting over: <nEwLiNe>Innermost: 1 + 3 = 4. <nEwLiNe>Then next layer: 1 + 3(4) = 1 + 12 = 13. <nEwLiNe>Next: 1 + 3(13) = 1 + 39 = 40. <nEwLiNe>Next: 1 + 3(40) = 1 + 120 = 121. <nEwLiNe>Next: 1 + 3(121) = 1 + 363 = 364. <nEwLiNe>Next: 1 + 3(364) = 1 + 1092 = 1093. <nEwLiNe>Next: 1 + 3(1093) = 1 + 3279 = 3280. <nEwLiNe>Next: 1 + 3(3280) = 1 + 9840 = 9841. <nEwLiNe>Next: 1 + 3(9841) = 1 + 29523 = 29524. <nEwLiNe>Finally: 1 + 3(29524) = 1 + 88572 = 88573. <nEwLiNe>Then, the entire expression is 3 multiplied by that result. <nEwLiNe>So, 3 * 88573 = ? <nEwLiNe>Calculating that: 3 * 80000 = 240000, 3 * 8000 = 24000, 3 * 500 = 1500, 3 * 70 = 210, 3 * 3 = 9. <nEwLiNe>Wait, actually, 88573 * 3: <nEwLiNe>Let me compute digit by digit: <nEwLiNe>3 * 3 = 9 <nEwLiNe>3 * 7 = 21, carryover 2 <nEwLiNe>3 * 5 = 15 + 2 = 17, carryover 1 <nEwLiNe>3 * 8 = 24 + 1 = 25, carryover 2 <nEwLiNe>3 * 8 = 24 + 2 = 26. <nEwLiNe>So the result is 265719. <nEwLiNe>Wait, let me check: <nEwLiNe>88573 * 3: <nEwLiNe>3*3=9 <nEwLiNe>3*7=21, write down 1, carryover 2 <nEwLiNe>3*5=15 +2=17, write down 7, carryover 1 <nEwLiNe>3*8=24 +1=25, write down 5, carryover 2 <nEwLiNe>3*8=24 +2=26, write down 6, carryover 2 <nEwLiNe>Since there are no more digits, write down 2. <nEwLiNe>Wait, that would be 265719. But hold on, that seems high. Let me verify with another method. <nEwLiNe>Alternatively, 88573 * 3: <nEwLiNe>80000 *3 =240000 <nEwLiNe>8000*3=24000 <nEwLiNe>500*3=1500 <nEwLiNe>70*3=210 <nEwLiNe>3*3=9 <nEwLiNe>Adding them together: <nEwLiNe>240000 + 24000 = 264000 <nEwLiNe>264000 + 1500 = 265500 <nEwLiNe>265500 + 210 = 265710 <nEwLiNe>265710 +9=265719. <nEwLiNe>Yes, that's correct. <nEwLiNe>So the entire expression simplifies to 265719. <nEwLiNe>Wait, but let me check my earlier steps because that seems like a big number, and I want to make sure I didn't skip any layers. <nEwLiNe>Starting from the inside: <nEwLiNe>1 + 3 =4 <nEwLiNe>1 + 3(4)=13 <nEwLiNe>1 + 3(13)=40 <nEwLiNe>1 + 3(40)=121 <nEwLiNe>1 + 3(121)=364 <nEwLiNe>1 + 3(364)=1093 <nEwLiNe>1 + 3(1093)=3280 <nEwLiNe>1 + 3(3280)=9841 <nEwLiNe>1 + 3(9841)=29524 <nEwLiNe>1 + 3(29524)=88573 <nEwLiNe>Then, 3 * 88573=265719. <nEwLiNe>Yes, that seems correct. So the final answer is 265719. <nEwLiNe>**Final Answer** <nEwLiNe>\boxed{265719} <nEwLiNe>"
12,88572,1,7,1164,"
 So replacing that, the expression becomes: <nEwLiNe>3(1 + 3(1 + 3(1 + 3(1 + 3(1 + 3(1 + 3(1 + 3(13))))))) <nEwLiNe>Moving out another layer. Now it's 1 + 3(13). 3 times 13 is 39, plus 1 is 40. <nEwLiNe>Expression now: 3(1 + 3(1 + 3(1 + 3(1 + 3(1 + 3(1 + 3(40))))))) <nEwLiNe>Next layer: 1 + 3(40). 3*40 is 120, plus 1 is 121. <nEwLiNe>So replacing: 3(1 + 3(1 + 3(1 + 3(1 + 3(1 + 3(121))))) <nEwLiNe>Next, 1 + 3(121). 3*121 is 363, plus 1 is 364. <nEwLiNe>Expression becomes: 3(1 + 3(1 + 3(1 + 3(1 + 3(364)))) <nEwLiNe>Next layer: 1 + 3(364). 3*364 is 1092, plus 1 is 1093. <nEwLiNe>So replacing: 3(1 + 3(1 + 3(1 + 3(1093))) <nEwLiNe>Next: 1 + 3(1093). 3*1093 is 3279, plus 1 is 3280. <nEwLiNe>Expression now: 3(1 + 3(1 + 3(3280)) <nEwLiNe>Next layer: 1 + 3(3280). 3*3280 is 9840, plus 1 is 9841. <nEwLiNe>So replacing: 3(1 + 3(9841)) <nEwLiNe>Now, compute 1 + 3(9841). 3*9841 is 29523, plus 1 is 29524. <nEwLiNe>Expression becomes: 3(29524) <nEwLiNe>Finally, compute 3*29524. Let me calculate that: 3*29524. Hmm, 29524*3. Let me do it step by step: <nEwLiNe>29524*3: <nEwLiNe>4*3=12, carryover 1 <nEwLiNe>2*3=6 +1=7 <nEwLiNe>5*3=15, carryover 1 <nEwLiNe>9*3=27 +1=28, carryover 2 <nEwLiNe>2*3=6 +2=8 <nEwLiNe>So that's 88572. <nEwLiNe>Wait, let me check that multiplication again. Maybe I made a mistake in the carryover. <nEwLiNe>Wait, 29524 * 3: <nEwLiNe>Starting from the right: <nEwLiNe>4*3=12, write down 2, carryover 1 <nEwLiNe>2*3=6 +1=7, write down 7 <nEwLiNe>5*3=15, write down 5, carryover 1 <nEwLiNe>9*3=27 +1=28, write down 8, carryover 2 <nEwLiNe>2*3=6 +2=8, write down 8 <nEwLiNe>So yeah, it's 88572. <nEwLiNe>Wait, but let me verify with another method. 29524 * 3 is the same as (29000 + 524)*3 = 29000*3 + 524*3 = 87000 + 1572 = 88572. Yes, that matches. So the final result is 88572. <nEwLiNe>Wait, but hold on, let me make sure I didn't make any mistakes in the earlier steps. It's easy to get lost with so many layers. <nEwLiNe>Starting from the inside: <nEwLiNe>1. Innermost: 1 + 3 = 4 <nEwLiNe>2. Next layer: 1 + 3*4 = 1 + 12 = 13 <nEwLiNe>3. Next: 1 + 3*13 = 1 + 39 = 40 <nEwLiNe>4. Next: 1 + 3*40 = 1 + 120 = 121 <nEwLiNe>5. Next: 1 + 3*121 = 1 + 363 = 364 <nEwLiNe>6. Next: 1 + 3*364 = 1 + 1092 = 1093 <nEwLiNe>7. Next: 1 + 3*1093 = 1 + 3279 = 3280 <nEwLiNe>8. Next: 1 + 3*3280 = 1 + 9840 = 9841 <nEwLiNe>9. Next: 1 + 3*9841 = 1 + 29523 = 29524 <nEwLiNe>10. Finally: 3*29524 = 88572 <nEwLiNe>Yes, that all adds up correctly. So I think 88572 is the right answer. <nEwLiNe>**Final Answer** <nEwLiNe>The value of the expression is \boxed{88572}. <nEwLiNe>"
13,88572,1,6,2821,"
 So replacing that part, the expression is now: <nEwLiNe>3(1 + 3(1 + 3(1 + 3(1 + 3(1 + 3(1 + 3(1 + 3(13))))))) <nEwLiNe>Moving one layer out, we have 1 + 3(13). Let me compute that. 3 times 13 is 39, then 1 + 39 is 40. <nEwLiNe>So replacing that part, the expression becomes: <nEwLiNe>3(1 + 3(1 + 3(1 + 3(1 + 3(1 + 3(1 + 3(40))))))) <nEwLiNe>Next layer is 1 + 3(40). 3 times 40 is 120, plus 1 is 121. <nEwLiNe>Replacing, the expression is now: <nEwLiNe>3(1 + 3(1 + 3(1 + 3(1 + 3(1 + 3(121))))) <nEwLiNe>Wait, hold on, 1 + 3(40) is 121, right? Let me double-check: 3*40=120, 120+1=121. Yep, that's correct. <nEwLiNe>So now, moving out another layer: 1 + 3(121). 3*121 is 363, plus 1 is 364. <nEwLiNe>So replacing, the expression becomes: <nEwLiNe>3(1 + 3(1 + 3(1 + 3(1 + 3(364)))) <nEwLiNe>Wait, actually, let me see: I think I skipped a layer. Let me recount. <nEwLiNe>Wait, starting from the inside, we had 1+3=4. Then 1+3*4=13. Then 1+3*13=40. Then 1+3*40=121. Then 1+3*121=364. So the next layer is 1 + 3*364. <nEwLiNe>Calculating that: 3*364. Hmm, let's do 364*3. 300*3=900, 60*3=180, 4*3=12. Adding them up: 900+180=1080, 1080+12=1092. Then 1 + 1092 is 1093. <nEwLiNe>So replacing, the expression is now: <nEwLiNe>3(1 + 3(1 + 3(1 + 3(1 + 3(1093)))) <nEwLiNe>Wait, hold on. Let me make sure I'm replacing correctly. Each time, we're replacing the innermost parentheses first. <nEwLiNe>So the expression is built like this: each layer is 1 + 3*(something). So starting from the innermost: <nEwLiNe>1. Innermost: 1 + 3 = 4 <nEwLiNe>2. Next layer: 1 + 3*4 = 13 <nEwLiNe>3. Next: 1 + 3*13 = 40 <nEwLiNe>4. Next: 1 + 3*40 = 121 <nEwLiNe>5. Next: 1 + 3*121 = 364 <nEwLiNe>6. Next: 1 + 3*364 = 1093 <nEwLiNe>7. Next: 1 + 3*1093 <nEwLiNe>8. Next: 1 + 3*(result from step 7) <nEwLiNe>9. And so on until the outermost layer. <nEwLiNe>Wait, how many layers are there? Let me count the number of opening parentheses. Starting from the first 3, each layer adds another (1 + 3(...)). So let's see: <nEwLiNe>The original expression is: <nEwLiNe>3(1 + 3(1 + 3(1 + 3(1 + 3(1 + 3(1 + 3(1 + 3(1 + 3(1 + 3))))))))) <nEwLiNe>Counting the number of (1 + 3(...)) sections: Let's see, starting from the innermost, each layer is another set. So starting from the innermost 1 + 3, that's 1. Then each layer adds another. Let me count the number of 1 + 3(...). <nEwLiNe>Looking at the expression: <nEwLiNe>3(1 + 3(1 + 3(1 + 3(1 + 3(1 + 3(1 + 3(1 + 3(1 + 3(1 + 3))))))))) <nEwLiNe>Each time, it's 3*(1 + 3*(...)), so the number of layers is 9? Wait, let's see: <nEwLiNe>Starting from the innermost, which is the 9th 1 + 3. Then each layer adds another multiplication by 3 outside. <nEwLiNe>Wait, perhaps it's 9 layers? Let me count the number of opening parentheses after the initial 3: <nEwLiNe>The expression is: 3(1 + 3(1 + 3(1 + 3(1 + 3(1 + 3(1 + 3(1 + 3(1 + 3(1 + 3))))))))) <nEwLiNe>So starting from the first 3, each subsequent ( is another layer. Let me count the number of ( after the first 3: <nEwLiNe>1. 3( <nEwLiNe>2. 1 + 3( <nEwLiNe>3. 1 + 3( <nEwLiNe>4. 1 + 3( <nEwLiNe>5. 1 + 3( <nEwLiNe>6. 1 + 3( <nEwLiNe>7. 1 + 3( <nEwLiNe>8. 1 + 3( <nEwLiNe>9. 1 + 3( <nEwLiNe>10. 1 + 3 <nEwLiNe>Wait, that seems like 9 layers? Because after the initial 3, there are 9 opening parentheses? Let me check: <nEwLiNe>Original expression: <nEwLiNe>3(1 + 3(1 + 3(1 + 3(1 + 3(1 + 3(1 + 3(1 + 3(1 + 3(1 + 3))))))))) <nEwLiNe>So, each layer is a new (1 + 3(...)), starting from the innermost. So, starting from the innermost, which is 1 + 3, and each layer adds another 1 + 3*(previous result). So, how many layers? <nEwLiNe>Let me count from the innermost: <nEwLiNe>1. Innermost: 1 + 3 <nEwLiNe>2. Next: 1 + 3*(1) <nEwLiNe>3. Then: 1 + 3*(2) <nEwLiNe>... <nEwLiNe>Wait, maybe another approach. Let's see how many times we have 1 + 3*(...). Each time, it's a new layer. <nEwLiNe>Looking at the expression, it's 3*(1 + 3*(1 + 3*(1 + 3*(1 + 3*(1 + 3*(1 + 3*(1 + 3*(1 + 3*(1 + 3))))))))). <nEwLiNe>So, starting from the innermost 1 + 3, that's the 9th layer. Then each layer wraps around. So, in total, there are 9 layers of 1 + 3*(...), right? Because each (1 + 3(...) is a new layer. <nEwLiNe>So, let's proceed step by step: <nEwLiNe>Layer 1 (innermost): 1 + 3 = 4 <nEwLiNe>Layer 2: 1 + 3*(4) = 1 + 12 = 13 <nEwLiNe>Layer 3: 1 + 3*(13) = 1 + 39 = 40 <nEwLiNe>Layer 4: 1 + 3*(40) = 1 + 120 = 121 <nEwLiNe>Layer 5: 1 + 3*(121) = 1 + 363 = 364 <nEwLiNe>Layer 6: 1 + 3*(364) = 1 + 1092 = 1093 <nEwLiNe>Layer 7: 1 + 3*(1093) = 1 + 3279 = 3280 <nEwLiNe>Layer 8: 1 + 3*(3280) = 1 + 9840 = 9841 <nEwLiNe>Layer 9: 1 + 3*(9841) = 1 + 29523 = 29524 <nEwLiNe>Then, finally, the entire expression is 3*(Layer 9 result) = 3*29524. <nEwLiNe>Wait, so let's make sure: <nEwLiNe>Layer 1: 4 <nEwLiNe>Layer 2: 13 <nEwLiNe>Layer 3: 40 <nEwLiNe>Layer 4: 121 <nEwLiNe>Layer 5: 364 <nEwLiNe>Layer 6: 1093 <nEwLiNe>Layer 7: 3280 <nEwLiNe>Layer 8: 9841 <nEwLiNe>Layer 9: 29524 <nEwLiNe>Then, the whole expression is 3*(29524). So, 3*29524. Let's compute that. <nEwLiNe>29524 * 3: <nEwLiNe>First, 20000*3=60000 <nEwLiNe>9000*3=27000 <nEwLiNe>500*3=1500 <nEwLiNe>20*3=60 <nEwLiNe>4*3=12 <nEwLiNe>Adding them up: <nEwLiNe>60000 + 27000 = 87000 <nEwLiNe>87000 + 1500 = 88500 <nEwLiNe>88500 + 60 = 88560 <nEwLiNe>88560 + 12 = 88572 <nEwLiNe>So, 3*29524 = 88572 <nEwLiNe>Therefore, the value of the expression is 88572. <nEwLiNe>Wait, let me verify each step to make sure I didn't make a multiplication error. <nEwLiNe>Starting with Layer 1: 1 + 3 = 4  <nEwLiNe>Layer 2: 1 + 3*4 = 1 + 12 = 13  <nEwLiNe>Layer 3: 1 + 3*13 = 1 + 39 = 40  <nEwLiNe>Layer 4: 1 + 3*40 = 1 + 120 = 121  <nEwLiNe>Layer 5: 1 + 3*121 = 1 + 363 = 364  <nEwLiNe>Layer 6: 1 + 3*364. Let's compute 3*364: 300*3=900, 60*3=180, 4*3=12. 900+180=1080 +12=1092. So 1 + 1092=1093  <nEwLiNe>Layer 7: 1 + 3*1093. 1000*3=3000, 90*3=270, 3*3=9. So 3000+270=3270 +9=3279. Then 1 + 3279=3280  <nEwLiNe>Layer 8: 1 + 3*3280. 3000*3=9000, 200*3=600, 80*3=240. So 9000+600=9600 +240=9840. Then 1 + 9840=9841  <nEwLiNe>Layer 9: 1 + 3*9841. Let's compute 3*9841. 9000*3=27000, 800*3=2400, 40*3=120, 1*3=3. So 27000+2400=29400 +120=29520 +3=29523. Then 1 + 29523=29524  <nEwLiNe>Finally, 3*29524: 20000*3=60000, 9000*3=27000, 500*3=1500, 20*3=60, 4*3=12. 60000 + 27000=87000 +1500=88500 +60=88560 +12=88572  <nEwLiNe>Okay, so each step seems correct. So, the final answer is 88572. <nEwLiNe>**Final Answer** <nEwLiNe>\boxed{88572} <nEwLiNe>"
14,88572,1,9,2217,"
 Replacing that part, we have: <nEwLiNe>3(1 + 3(1 + 3(1 + 3(1 + 3(1 + 3(1 + 3(1 + 3(13))))))) <nEwLiNe>Next layer is 1 + 3(13). 3 times 13 is 39, plus 1 is 40. <nEwLiNe>So replacing that: <nEwLiNe>3(1 + 3(1 + 3(1 + 3(1 + 3(1 + 3(1 + 3(40))))))) <nEwLiNe>Moving outward, compute 1 + 3(40). 3*40=120, plus 1 is 121. <nEwLiNe>Replace it: <nEwLiNe>3(1 + 3(1 + 3(1 + 3(1 + 3(1 + 3(121)))))) <nEwLiNe>Next layer: 1 + 3(121). 3*121=363, plus 1 is 364. <nEwLiNe>Replace: <nEwLiNe>3(1 + 3(1 + 3(1 + 3(1 + 3(364)))) <nEwLiNe>Compute 1 + 3(364). 3*364=1092, plus 1 is 1093. <nEwLiNe>Replace: <nEwLiNe>3(1 + 3(1 + 3(1 + 3(1093))) <nEwLiNe>Next, 1 + 3(1093). 3*1093=3279, plus 1 is 3280. <nEwLiNe>Replace: <nEwLiNe>3(1 + 3(1 + 3(3280)) <nEwLiNe>Compute 1 + 3(3280). 3*3280=9840, plus 1 is 9841. <nEwLiNe>Replace: <nEwLiNe>3(1 + 3(9841)) <nEwLiNe>Now, 1 + 3(9841). 3*9841=29523, plus 1 is 29524. <nEwLiNe>Replace: <nEwLiNe>3(29524) <nEwLiNe>Finally, compute 3*29524. Let's do 3*29524. <nEwLiNe>3*29524: 3*20000=60000, 3*9000=27000, 3*500=1500, 3*24=72. <nEwLiNe>Adding them up: 60000 + 27000 = 87000; 87000 + 1500 = 88500; 88500 + 72 = 88572. <nEwLiNe>So, the result is 88572. <nEwLiNe>Wait, let me double-check my calculations step by step to make sure I didn't make a mistake. <nEwLiNe>Starting from the inside: <nEwLiNe>1. Innermost: 1 + 3 = 4. <nEwLiNe>2. Next layer: 1 + 3*4 = 1 + 12 = 13. <nEwLiNe>3. Next: 1 + 3*13 = 1 + 39 = 40. <nEwLiNe>4. Next: 1 + 3*40 = 1 + 120 = 121. <nEwLiNe>5. Next: 1 + 3*121 = 1 + 363 = 364. <nEwLiNe>6. Next: 1 + 3*364 = 1 + 1092 = 1093. <nEwLiNe>7. Next: 1 + 3*1093 = 1 + 3279 = 3280. <nEwLiNe>8. Next: 1 + 3*3280 = 1 + 9840 = 9841. <nEwLiNe>9. Next: 1 + 3*9841 = 1 + 29523 = 29524. <nEwLiNe>10. Finally: 3*29524 = 88572. <nEwLiNe>Hmm, that seems consistent. Each step I computed 3 times the previous result and added 1. So starting from 4, each step multiplied by 3 and added 1, done 9 times? Wait, actually, how many layers are there? <nEwLiNe>Let me count the number of parentheses. The original expression is 3(...), and each layer adds another 3(...). Let me see: <nEwLiNe>Original: 3(1 + 3(1 + 3(1 + 3(1 + 3(1 + 3(1 + 3(1 + 3(1 + 3(1 + 3))))))))) <nEwLiNe>So starting from the innermost, which is 1 + 3, and each subsequent layer adds another 3(...). So how many layers are there? <nEwLiNe>From the innermost 1 + 3, each layer wraps around, so let's count the number of 3(1 + ...). Starting from the innermost, each time we have a 3(...). So: <nEwLiNe>1. 1 + 3 = 4 <nEwLiNe>2. 1 + 3*4 = 13 <nEwLiNe>3. 1 + 3*13 = 40 <nEwLiNe>4. 1 + 3*40 = 121 <nEwLiNe>5. 1 + 3*121 = 364 <nEwLiNe>6. 1 + 3*364 = 1093 <nEwLiNe>7. 1 + 3*1093 = 3280 <nEwLiNe>8. 1 + 3*3280 = 9841 <nEwLiNe>9. 1 + 3*9841 = 29524 <nEwLiNe>10. Finally, 3*29524 = 88572 <nEwLiNe>So there are 9 layers of 1 + 3*(...) after the outermost 3. Each layer is a step where I compute 1 + 3*(previous result). So 9 steps, each time multiplying by 3 and adding 1. Then the outermost is multiplying by 3. <nEwLiNe>Alternatively, this seems like a geometric series. Maybe I can model it that way. Let me think. <nEwLiNe>Each layer is of the form a_n = 1 + 3*a_{n-1}, starting from a_1 = 4. <nEwLiNe>So, a_1 = 4 <nEwLiNe>a_2 = 1 + 3*4 = 13 <nEwLiNe>a_3 = 1 + 3*13 = 40 <nEwLiNe>... <nEwLiNe>a_9 = 1 + 3*a_8 <nEwLiNe>Then the total expression is 3*a_9. <nEwLiNe>So, the recurrence relation is a_n = 1 + 3*a_{n-1}, with a_1 = 4. <nEwLiNe>This is a linear recurrence. Maybe I can find a closed-form formula for a_n. <nEwLiNe>The general solution for such a recurrence is a_n = A*3^{n} + B, where B is a constant particular solution. <nEwLiNe>Let me find the particular solution. Assume a_n = C, a constant. Then substituting into the recurrence: <nEwLiNe>C = 1 + 3*C <nEwLiNe>C - 3C = 1 <nEwLiNe>-2C = 1 <nEwLiNe>C = -1/2 <nEwLiNe>So the general solution is a_n = A*3^{n} - 1/2. <nEwLiNe>Now apply the initial condition a_1 = 4: <nEwLiNe>4 = A*3^{1} - 1/2 <nEwLiNe>4 + 1/2 = 3A <nEwLiNe>9/2 = 3A <nEwLiNe>A = (9/2)/3 = 3/2 <nEwLiNe>Therefore, the general formula is a_n = (3/2)*3^{n} - 1/2 = (3^{n+1})/2 - 1/2. <nEwLiNe>So, a_n = (3^{n+1} - 1)/2. <nEwLiNe>Let me verify this with n=1: (3^{2} -1)/2 = (9 -1)/2 = 8/2 = 4. Correct. <nEwLiNe>n=2: (3^3 -1)/2 = 27 -1=26/2=13. Correct. <nEwLiNe>n=3: (81 -1)/2=80/2=40. Correct. So the formula works. <nEwLiNe>So, for a_9, n=9: <nEwLiNe>a_9 = (3^{10} -1)/2. <nEwLiNe>Compute 3^{10}: 3^1=3, 3^2=9, 3^3=27, 3^4=81, 3^5=243, 3^6=729, 3^7=2187, 3^8=6561, 3^9=19683, 3^{10}=59049. <nEwLiNe>So, a_9 = (59049 - 1)/2 = 59048/2 = 29524. <nEwLiNe>Then, the total expression is 3*a_9 = 3*29524 = 88572. <nEwLiNe>So, that confirms my earlier calculation. <nEwLiNe>Alternatively, since the expression is 3*(1 + 3*(1 + 3*(...))) nine times, it's equivalent to 3*(a_9) where a_9 = (3^{10} -1)/2, so the total is 3*(3^{10} -1)/2 = (3^{11} - 3)/2. <nEwLiNe>Wait, let me compute that: 3^{11} is 177147. So, 177147 - 3 = 177144. Then, 177144 / 2 = 88572. Same result. <nEwLiNe>So, whether I compute step by step, use the recurrence relation, or find a closed-form formula, I end up with 88572. <nEwLiNe>Therefore, I'm confident that the result is 88572. <nEwLiNe>**Final Answer** <nEwLiNe>\boxed{88572} <nEwLiNe>"
15,88572,1,5,981,"
 So replacing that part, the expression is now: <nEwLiNe>3(1 + 3(1 + 3(1 + 3(1 + 3(1 + 3(1 + 3(1 + 3(13))))))) <nEwLiNe>Next layer: 1 + 3(13). Let's compute 3 times 13, which is 39. Then 1 + 39 is 40. <nEwLiNe>Expression becomes: <nEwLiNe>3(1 + 3(1 + 3(1 + 3(1 + 3(1 + 3(1 + 3(40))))))) <nEwLiNe>Next: 1 + 3(40). 3 times 40 is 120, plus 1 is 121. <nEwLiNe>So now: <nEwLiNe>3(1 + 3(1 + 3(1 + 3(1 + 3(1 + 3(121))))) <nEwLiNe>Next layer: 1 + 3(121). 3*121 is 363, plus 1 is 364. <nEwLiNe>Expression: <nEwLiNe>3(1 + 3(1 + 3(1 + 3(1 + 3(364)))) <nEwLiNe>Compute 1 + 3(364). 3*364 is 1092, plus 1 is 1093. <nEwLiNe>Now it's: <nEwLiNe>3(1 + 3(1 + 3(1 + 3(1093))) <nEwLiNe>Next: 1 + 3(1093). 3*1093 is 3279, plus 1 is 3280. <nEwLiNe>So now: <nEwLiNe>3(1 + 3(1 + 3(3280)) <nEwLiNe>Compute 1 + 3(3280). 3*3280 is 9840, plus 1 is 9841. <nEwLiNe>Expression: <nEwLiNe>3(1 + 3(9841)) <nEwLiNe>Next: 1 + 3(9841). 3*9841 is 29523, plus 1 is 29524. <nEwLiNe>So now: <nEwLiNe>3(29524) <nEwLiNe>Finally, 3 times 29524. Let me compute that. 3*29524. Let me break it down: <nEwLiNe>3*20000 = 60000 <nEwLiNe>3*9000 = 27000 <nEwLiNe>3*500 = 1500 <nEwLiNe>3*24 = 72 <nEwLiNe>Adding those together: 60000 + 27000 = 87000; 87000 + 1500 = 88500; 88500 + 72 = 88572. <nEwLiNe>So, putting it all together, the final result is 88572. <nEwLiNe>Wait, let me double-check my steps to make sure I didn't make a mistake in any of the multiplications or additions. <nEwLiNe>Starting from the innermost: <nEwLiNe>1 + 3 = 4 (correct) <nEwLiNe>Then 1 + 3*4 = 1 + 12 = 13 (correct) <nEwLiNe>1 + 3*13 = 1 + 39 = 40 (correct) <nEwLiNe>1 + 3*40 = 1 + 120 = 121 (correct) <nEwLiNe>1 + 3*121 = 1 + 363 = 364 (correct) <nEwLiNe>1 + 3*364 = 1 + 1092 = 1093 (correct) <nEwLiNe>1 + 3*1093 = 1 + 3279 = 3280 (correct) <nEwLiNe>1 + 3*3280 = 1 + 9840 = 9841 (correct) <nEwLiNe>1 + 3*9841 = 1 + 29523 = 29524 (correct) <nEwLiNe>3*29524 = 88572 (correct) <nEwLiNe>Seems like each step is correct. So, yeah, the final answer is 88572. <nEwLiNe></think> <nEwLiNe>The value of the expression is computed step by step, starting from the innermost parentheses and expanding outward. Each layer is simplified by multiplying the result of the inner expression by 3 and adding 1. Following this process sequentially leads to the final result. <nEwLiNe>$\boxed{88572}$"
16,88572,1,10,2544,"
 So now the expression is: <nEwLiNe>3(1 + 3(1 + 3(1 + 3(1 + 3(1 + 3(1 + 3(1 + 3(13))))))) <nEwLiNe>Next layer: 1 + 3(13). 3*13 is 39, plus 1 is 40. <nEwLiNe>Expression becomes: <nEwLiNe>3(1 + 3(1 + 3(1 + 3(1 + 3(1 + 3(1 + 3(40))))))) <nEwLiNe>Next: 1 + 3(40). 3*40 is 120, plus 1 is 121. <nEwLiNe>So now: <nEwLiNe>3(1 + 3(1 + 3(1 + 3(1 + 3(1 + 3(121))))) <nEwLiNe>Next layer: 1 + 3(121). 3*121 is 363, plus 1 is 364. <nEwLiNe>Expression is: <nEwLiNe>3(1 + 3(1 + 3(1 + 3(1 + 3(364)))) <nEwLiNe>Next: 1 + 3(364). 3*364 is 1092, plus 1 is 1093. <nEwLiNe>So now: <nEwLiNe>3(1 + 3(1 + 3(1 + 3(1093))) <nEwLiNe>Next layer: 1 + 3(1093). 3*1093 is 3279, plus 1 is 3280. <nEwLiNe>Expression becomes: <nEwLiNe>3(1 + 3(1 + 3(3280)) <nEwLiNe>Next: 1 + 3(3280). 3*3280 is 9840, plus 1 is 9841. <nEwLiNe>So now: <nEwLiNe>3(1 + 3(9841)) <nEwLiNe>Next layer: 1 + 3(9841). 3*9841 is 29523, plus 1 is 29524. <nEwLiNe>Expression is: <nEwLiNe>3(29524) <nEwLiNe>Finally, compute 3*29524. Let me do that multiplication: <nEwLiNe>29524 * 3: <nEwLiNe>4*3 = 12, write down 2, carry over 1. <nEwLiNe>2*3=6 +1=7, write down 7. <nEwLiNe>5*3=15, write down 5, carry over 1. <nEwLiNe>9*3=27 +1=28, write down 8, carry over 2. <nEwLiNe>2*3=6 +2=8, write down 8. <nEwLiNe>So 29524*3 is 88572. <nEwLiNe>Therefore, the value of the entire expression is 88572. <nEwLiNe>Wait, let me double-check my calculations because that seems like a big number, and I want to make sure I didn't make any mistakes in the earlier steps. <nEwLiNe>Starting from the innermost: <nEwLiNe>1 + 3 = 4. <nEwLiNe>Then, moving out: <nEwLiNe>1 + 3*4 = 1 + 12 = 13. <nEwLiNe>Next: <nEwLiNe>1 + 3*13 = 1 + 39 = 40. <nEwLiNe>Next: <nEwLiNe>1 + 3*40 = 1 + 120 = 121. <nEwLiNe>Next: <nEwLiNe>1 + 3*121 = 1 + 363 = 364. <nEwLiNe>Next: <nEwLiNe>1 + 3*364 = 1 + 1092 = 1093. <nEwLiNe>Next: <nEwLiNe>1 + 3*1093 = 1 + 3279 = 3280. <nEwLiNe>Next: <nEwLiNe>1 + 3*3280 = 1 + 9840 = 9841. <nEwLiNe>Next: <nEwLiNe>1 + 3*9841 = 1 + 29523 = 29524. <nEwLiNe>Then, 3*29524 = 88572. <nEwLiNe>Hmm, each step seems consistent. Each time, I'm multiplying the previous result by 3 and adding 1. So it's like a recursive formula where each term is 3*(previous term) + 1. <nEwLiNe>Let me see if I can generalize this. Maybe each layer is following a pattern. Let's say starting from the innermost, which is 4, each subsequent layer is 3*(previous) + 1. <nEwLiNe>So let's list the terms: <nEwLiNe>Term 1: 4 <nEwLiNe>Term 2: 3*4 + 1 = 13 <nEwLiNe>Term 3: 3*13 + 1 = 40 <nEwLiNe>Term 4: 3*40 + 1 = 121 <nEwLiNe>Term 5: 3*121 + 1 = 364 <nEwLiNe>Term 6: 3*364 + 1 = 1093 <nEwLiNe>Term 7: 3*1093 + 1 = 3280 <nEwLiNe>Term 8: 3*3280 + 1 = 9841 <nEwLiNe>Term 9: 3*9841 + 1 = 29524 <nEwLiNe>Term 10: 3*29524 = 88572 <nEwLiNe>Wait, actually, in the original expression, starting from the innermost, which is 1 + 3, so that's term 1: 4. <nEwLiNe>Then each subsequent layer adds another 3*(previous) + 1. <nEwLiNe>So, how many layers are there? Let's count. <nEwLiNe>The original expression is: <nEwLiNe>3(1 + 3(1 + 3(1 + 3(1 + 3(1 + 3(1 + 3(1 + 3(1 + 3(1 + 3)))))))))  <nEwLiNe>So starting from the innermost (1+3), that's the first layer. Then each set of parentheses adds another layer. Let's count the number of layers. <nEwLiNe>Starting from the innermost: <nEwLiNe>1. (1 + 3) <nEwLiNe>2. (1 + 3(...)) <nEwLiNe>... <nEwLiNe>Wait, the innermost is 1 + 3, then each layer wraps another 1 + 3(...). So let's see: <nEwLiNe>Looking at the original expression: <nEwLiNe>3(1 + 3(1 + 3(1 + 3(1 + 3(1 + 3(1 + 3(1 + 3(1 + 3(1 + 3)))))))))  <nEwLiNe>So from the innermost (1 + 3), that's one layer. Then each additional (1 + 3(...)) adds a layer. <nEwLiNe>Counting the number of 3(1 + ...): starting from the innermost, each layer has a 3 multiplying a (1 + ...). Let me see: <nEwLiNe>Total layers: starting from the innermost (1 + 3) as layer 1, then each subsequent layer adds another 3(...). Let's count the number of 3(1 + ...): <nEwLiNe>Looking at the expression, after expanding, I see that the innermost is layer 1: 1 + 3 <nEwLiNe>Then layer 2: 1 + 3*(layer1) <nEwLiNe>Layer3: 1 + 3*(layer2) <nEwLiNe>... <nEwLiNe>Up to layer9: 1 + 3*(layer8) <nEwLiNe>Then finally, the outermost 3*(layer9) <nEwLiNe>So total layers: 9 layers inside, each with 1 + 3*(previous layer), and then multiplied by 3 at the end. <nEwLiNe>So that's 9 layers inside, each being 1 + 3*previous, and then multiplied by 3. <nEwLiNe>So in my earlier computation, I had 9 layers inside, each step computing the next term as 3*previous + 1, and then finally multiplying by 3. <nEwLiNe>Wait, but when I listed the terms earlier, I had term1:4, term2:13, term3:40, ..., term9:29524, then term10:88572. <nEwLiNe>Yes, so that's correct. So 9 layers inside, each 1 + 3*previous, and then multiplied by 3 at the end. So 10 terms in total if you count the final multiplication. <nEwLiNe>But when I computed earlier, I had 9 layers inside, each step computing 3*previous +1, which is 9 operations, leading to 29524, then 3*29524 is 88572. <nEwLiNe>So I think my calculation is correct. <nEwLiNe>Alternatively, maybe there's a formula for such a recursive sequence. Let's consider the recursive relation: <nEwLiNe>Let a_n = 3*a_{n-1} + 1, with a_1 = 4. <nEwLiNe>We can solve this recurrence relation. <nEwLiNe>The general solution for such a linear recurrence is: <nEwLiNe>a_n = A*3^n + B, where B is a constant particular solution. <nEwLiNe>Find the particular solution: assume B is constant, then plug into the recurrence: <nEwLiNe>B = 3*B + 1 <nEwLiNe>So B - 3B = 1 => -2B = 1 => B = -1/2. <nEwLiNe>So the general solution is a_n = A*3^n - 1/2. <nEwLiNe>Apply initial condition a_1 = 4: <nEwLiNe>4 = A*3^1 - 1/2 => 4 + 1/2 = 3A => 9/2 = 3A => A = 3/2. <nEwLiNe>Thus, a_n = (3/2)*3^n - 1/2 = (3^{n+1})/2 - 1/2 = (3^{n+1} - 1)/2. <nEwLiNe>Therefore, a_n = (3^{n+1} - 1)/2. <nEwLiNe>So in our case, starting from a_1 = 4, which corresponds to n=1. <nEwLiNe>Wait, let me check: <nEwLiNe>a_1 = (3^{2} -1)/2 = (9 -1)/2 = 8/2 =4. Correct. <nEwLiNe>a_2 = (3^3 -1)/2 =27 -1=26/2=13. Correct. <nEwLiNe>a_3=(3^4 -1)/2=81 -1=80/2=40. Correct. <nEwLiNe>Yes, so the formula works. <nEwLiNe>Therefore, for the innermost layer, which is a_1=4, then each subsequent layer is a_2, a_3,..., up to a_9. <nEwLiNe>So the outermost layer is a_9 = (3^{10} -1)/2. <nEwLiNe>Compute a_9: 3^10 is 59049, so (59049 -1)/2 =59048/2=29524. <nEwLiNe>Then, the entire expression is 3*a_9 =3*29524=88572. <nEwLiNe>So that matches my earlier calculation. <nEwLiNe>Therefore, the value is 88572. <nEwLiNe>I think that's solid. I double-checked each step, and also found a formula for the recursive sequence, which gave the same result. So I'm confident the answer is 88572. <nEwLiNe></think> <nEwLiNe>The value of the expression is computed by iteratively simplifying from the innermost parentheses outward, following the recursive pattern \( a_n = 3a_{n-1} + 1 \) with the initial term \( a_1 = 4 \). Applying the formula for the nth term of this sequence, \( a_n = \frac{3^{n+1} - 1}{2} \), we find the ninth term \( a_9 = 29524 \). Multiplying this by 3 gives the final result. <nEwLiNe>**Answer:** \boxed{88572}"
17,88572,1,3,1060,"
 So now the expression is: <nEwLiNe>3(1 + 3(1 + 3(1 + 3(1 + 3(1 + 3(1 + 3(1 + 3(13))))))) <nEwLiNe>Next layer: 1 + 3(13). Let's compute 3*13 first. 3*13 is 39, then 1 + 39 is 40. <nEwLiNe>Expression becomes: <nEwLiNe>3(1 + 3(1 + 3(1 + 3(1 + 3(1 + 3(1 + 3(40))))) <nEwLiNe>Next layer: 1 + 3(40). 3*40 is 120, so 1 + 120 is 121. <nEwLiNe>Expression now: <nEwLiNe>3(1 + 3(1 + 3(1 + 3(1 + 3(1 + 3(121))) <nEwLiNe>Next layer: 1 + 3(121). 3*121 is 363, so 1 + 363 is 364. <nEwLiNe>Expression: <nEwLiNe>3(1 + 3(1 + 3(1 + 3(1 + 3(364))) <nEwLiNe>Next layer: 1 + 3(364). 3*364 is 1092, plus 1 is 1093. <nEwLiNe>Expression: <nEwLiNe>3(1 + 3(1 + 3(1 + 3(1093))) <nEwLiNe>Next layer: 1 + 3(1093). 3*1093 is 3279, plus 1 is 3280. <nEwLiNe>Expression: <nEwLiNe>3(1 + 3(1 + 3(3280))) <nEwLiNe>Next layer: 1 + 3(3280). 3*3280 is 9840, plus 1 is 9841. <nEwLiNe>Expression: <nEwLiNe>3(1 + 3(9841)) <nEwLiNe>Next layer: 1 + 3(9841). 3*9841 is 29523, plus 1 is 29524. <nEwLiNe>Expression: <nEwLiNe>3(29524) <nEwLiNe>Finally, multiply 3 by 29524. 3*29524 is... let me compute that. 3*29000 is 87000, 3*524 is 1572, so total is 87000 + 1572 = 88572. <nEwLiNe>Wait, let me double-check that multiplication to make sure I didn't make a mistake. 29524 times 3: 20000*3=60000, 9000*3=27000, 500*3=1500, 20*3=60, 4*3=12. Adding those together: 60000 + 27000 = 87000; 87000 + 1500 = 88500; 88500 + 60 = 88560; 88560 + 12 = 88572. Okay, that seems correct. <nEwLiNe>So, the result is 88,572. <nEwLiNe>But just to make sure I didn't make a mistake earlier in the layers, let me go back through the steps quickly. <nEwLiNe>Starting from the innermost: <nEwLiNe>1. 1 + 3 = 4 <nEwLiNe>2. 1 + 3*4 = 1 + 12 = 13 <nEwLiNe>3. 1 + 3*13 = 1 + 39 = 40 <nEwLiNe>4. 1 + 3*40 = 1 + 120 = 121 <nEwLiNe>5. 1 + 3*121 = 1 + 363 = 364 <nEwLiNe>6. 1 + 3*364 = 1 + 1092 = 1093 <nEwLiNe>7. 1 + 3*1093 = 1 + 3279 = 3280 <nEwLiNe>8. 1 + 3*3280 = 1 + 9840 = 9841 <nEwLiNe>9. 1 + 3*9841 = 1 + 29523 = 29524 <nEwLiNe>10. 3*29524 = 88,572 <nEwLiNe>Yes, each step seems correct. So, I think the answer is 88,572. <nEwLiNe>**Final Answer** <nEwLiNe>The value of the expression is \boxed{88572}. <nEwLiNe>"
18,88572,1,1,1146,"
 So now, replacing that part, the expression becomes: <nEwLiNe>3(1 + 3(1 + 3(1 + 3(1 + 3(1 + 3(1 + 3(1 + 3(13))))))) <nEwLiNe>Next layer: 1 + 3(13). Let's compute 3*13 first. 3*13 is 39. Then 1 + 39 is 40. <nEwLiNe>Replacing that part: <nEwLiNe>3(1 + 3(1 + 3(1 + 3(1 + 3(1 + 3(1 + 3(40))))))) <nEwLiNe>Moving outward: 1 + 3(40). 3*40 is 120, plus 1 is 121. <nEwLiNe>Now the expression is: <nEwLiNe>3(1 + 3(1 + 3(1 + 3(1 + 3(1 + 3(121))))) <nEwLiNe>Next layer: 1 + 3(121). 3*121 is 363, plus 1 is 364. <nEwLiNe>So now we have: <nEwLiNe>3(1 + 3(1 + 3(1 + 3(1 + 3(364)))) <nEwLiNe>Next layer: 1 + 3(364). 3*364 is 1092, plus 1 is 1093. <nEwLiNe>Expression becomes: <nEwLiNe>3(1 + 3(1 + 3(1 + 3(1093))) <nEwLiNe>Next layer: 1 + 3(1093). 3*1093 is 3279, plus 1 is 3280. <nEwLiNe>Now it's: <nEwLiNe>3(1 + 3(1 + 3(3280)) <nEwLiNe>Next layer: 1 + 3(3280). 3*3280 is 9840, plus 1 is 9841. <nEwLiNe>So now we have: <nEwLiNe>3(1 + 3(9841)) <nEwLiNe>Next layer: 1 + 3(9841). 3*9841 is 29523, plus 1 is 29524. <nEwLiNe>Now it's: <nEwLiNe>3(29524) <nEwLiNe>Finally, multiply 3*29524. Let me compute that. <nEwLiNe>29524 * 3: 29,524 * 3. Let's break it down: <nEwLiNe>29,524 * 3 = (20,000 * 3) + (9,000 * 3) + (500 * 3) + (24 * 3) <nEwLiNe>Which is 60,000 + 27,000 + 1,500 + 72 = 60,000 + 27,000 is 87,000; 87,000 + 1,500 is 88,500; 88,500 + 72 is 88,572. <nEwLiNe>Wait, let me check that again because 29,524 * 3 seems a bit large. Let me compute it step by step: <nEwLiNe>29,524 <nEwLiNe>x       3 <nEwLiNe>________ <nEwLiNe>Multiply each digit: <nEwLiNe>4 * 3 = 12, write down 2, carry over 1. <nEwLiNe>2 * 3 = 6 + 1 = 7. <nEwLiNe>5 * 3 = 15, write down 5, carry over 1. <nEwLiNe>9 * 3 = 27 + 1 = 28, write down 8, carry over 2. <nEwLiNe>2 * 3 = 6 + 2 = 8. <nEwLiNe>So it's 88,572. Yep, that's correct. <nEwLiNe>So the final result is 88,572. <nEwLiNe>But wait, let me double-check my steps to make sure I didn't skip anything or make a mistake in the multiplication. Starting from the inside: <nEwLiNe>1. Innermost: 1 + 3 = 4 <nEwLiNe>2. Next: 1 + 3*4 = 1 + 12 =13 <nEwLiNe>3. Next: 1 + 3*13=1 +39=40 <nEwLiNe>4. Next:1 +3*40=1 +120=121 <nEwLiNe>5. Next:1 +3*121=1 +363=364 <nEwLiNe>6. Next:1 +3*364=1 +1092=1093 <nEwLiNe>7. Next:1 +3*1093=1 +3279=3280 <nEwLiNe>8. Next:1 +3*3280=1 +9840=9841 <nEwLiNe>9. Next:1 +3*9841=1 +29523=29524 <nEwLiNe>10. Finally:3*29524=88,572 <nEwLiNe>Yes, that seems correct. So the value of the expression is 88,572. <nEwLiNe>**Final Answer** <nEwLiNe>The value of the expression is \boxed{88572}. <nEwLiNe>"
19,88572,1,1,2115,"
 Replacing that, we have: <nEwLiNe>3(1 + 3(1 + 3(1 + 3(1 + 3(1 + 3(1 + 3(1 + 3(13))))))) <nEwLiNe>Next layer: 1 + 3(13). 3*13 is 39, plus 1 is 40. <nEwLiNe>So now, the expression is: <nEwLiNe>3(1 + 3(1 + 3(1 + 3(1 + 3(1 + 3(1 + 3(40))))) <nEwLiNe>Continuing, 1 + 3(40). 3*40 is 120, plus 1 is 121. <nEwLiNe>So now: <nEwLiNe>3(1 + 3(1 + 3(1 + 3(1 + 3(1 + 3(121))) <nEwLiNe>Next, 1 + 3(121). 3*121 is 363, plus 1 is 364. <nEwLiNe>Expression becomes: <nEwLiNe>3(1 + 3(1 + 3(1 + 3(1 + 3(364))) <nEwLiNe>Now, 1 + 3(364). 3*364 is 1092, plus 1 is 1093. <nEwLiNe>So: <nEwLiNe>3(1 + 3(1 + 3(1 + 3(1093))) <nEwLiNe>Next, 1 + 3(1093). 3*1093 is 3279, plus 1 is 3280. <nEwLiNe>Expression is now: <nEwLiNe>3(1 + 3(1 + 3(3280))) <nEwLiNe>Moving on, 1 + 3(3280). 3*3280 is 9840, plus 1 is 9841. <nEwLiNe>So: <nEwLiNe>3(1 + 3(9841)) <nEwLiNe>Next layer: 1 + 3(9841). 3*9841 is 29523, plus 1 is 29524. <nEwLiNe>So now: <nEwLiNe>3(29524) <nEwLiNe>Finally, 3*29524 is... let me compute that. 29524 * 3. 29,000*3 is 87,000. 524*3 is 1,572. So 87,000 + 1,572 is 88,572. <nEwLiNe>Wait, hold on, that seems a bit high. Let me double-check each step because I might have made a multiplication error somewhere. <nEwLiNe>Starting again, just to make sure. <nEwLiNe>Innermost: 1 + 3 = 4. Correct. <nEwLiNe>Next layer: 1 + 3*4 = 1 + 12 = 13. Correct. <nEwLiNe>Next: 1 + 3*13 = 1 + 39 = 40. Correct. <nEwLiNe>Next: 1 + 3*40 = 1 + 120 = 121. Correct. <nEwLiNe>Next: 1 + 3*121 = 1 + 363 = 364. Correct. <nEwLiNe>Next: 1 + 3*364 = 1 + 1092 = 1093. Correct. <nEwLiNe>Next: 1 + 3*1093 = 1 + 3279 = 3280. Correct. <nEwLiNe>Next: 1 + 3*3280 = 1 + 9840 = 9841. Correct. <nEwLiNe>Next: 1 + 3*9841. Hmm, 3*9841. Let's compute that again. 9000*3=27,000, 800*3=2,400, 40*3=120, 1*3=3. So 27,000 + 2,400 is 29,400. 29,400 + 120 is 29,520. 29,520 + 3 is 29,523. So 1 + 29,523 is 29,524. Correct. <nEwLiNe>Then, 3*29,524. Let's compute that. 29,524 * 3. 20,000*3=60,000. 9,000*3=27,000. 500*3=1,500. 24*3=72. So adding up: 60,000 + 27,000 is 87,000. 87,000 + 1,500 is 88,500. 88,500 + 72 is 88,572. Okay, so that seems correct. <nEwLiNe>Wait, but let me check if I have the right number of layers. The original expression has 9 sets of parentheses. Let me count how many times I worked through the layers. <nEwLiNe>1. Innermost: 4 <nEwLiNe>2. 13 <nEwLiNe>3. 40 <nEwLiNe>4. 121 <nEwLiNe>5. 364 <nEwLiNe>6. 1093 <nEwLiNe>7. 3280 <nEwLiNe>8. 9841 <nEwLiNe>9. 29524 <nEwLiNe>Then, 3*29524=88,572. <nEwLiNe>Yes, that's nine layers, so I think I did each step correctly. <nEwLiNe>Alternatively, maybe I can find a pattern here. Each layer is 1 + 3*(previous result). So it's like a recursive sequence where each term is 1 + 3*previous. <nEwLiNe>Let me define a sequence where a1 = 4 (the innermost term), and then each subsequent term is a_{n} = 1 + 3*a_{n-1}. <nEwLiNe>So, let's compute the terms: <nEwLiNe>a1 = 4 <nEwLiNe>a2 = 1 + 3*4 = 13 <nEwLiNe>a3 = 1 + 3*13 = 40 <nEwLiNe>a4 = 1 + 3*40 = 121 <nEwLiNe>a5 = 1 + 3*121 = 364 <nEwLiNe>a6 = 1 + 3*364 = 1093 <nEwLiNe>a7 = 1 + 3*1093 = 3280 <nEwLiNe>a8 = 1 + 3*3280 = 9841 <nEwLiNe>a9 = 1 + 3*9841 = 29524 <nEwLiNe>Then, the entire expression is 3*a9 = 3*29524 = 88,572. <nEwLiNe>Yes, that seems consistent. So the value is 88,572. <nEwLiNe>Alternatively, maybe there's a formula for such a recursive sequence. The general form is a_n = 1 + 3*a_{n-1}, with a1 = 4. <nEwLiNe>This is a linear recurrence relation. The homogeneous solution is found by solving a_n - 3*a_{n-1} = 1. <nEwLiNe>The characteristic equation is r - 3 = 0, so r = 3. The homogeneous solution is C*3^n. <nEwLiNe>For the particular solution, since the nonhomogeneous term is constant, we can try a constant solution. Let's assume a particular solution is A. Then substituting into the recurrence: <nEwLiNe>A = 1 + 3*A <nEwLiNe>Solving for A: A - 3*A = 1 => -2*A = 1 => A = -1/2. <nEwLiNe>So the general solution is a_n = C*3^n + (-1/2). <nEwLiNe>Now, apply the initial condition a1 = 4. <nEwLiNe>When n=1: a1 = C*3^1 + (-1/2) = 3C - 1/2 = 4. <nEwLiNe>So, 3C = 4 + 1/2 = 9/2 => C = (9/2)/3 = 3/2. <nEwLiNe>Therefore, the general solution is a_n = (3/2)*3^n - 1/2 = (3^{n+1})/2 - 1/2. <nEwLiNe>Simplify: a_n = (3^{n+1} - 1)/2. <nEwLiNe>So, for n=9 (since we have 9 layers), a9 = (3^{10} - 1)/2. <nEwLiNe>Compute 3^{10}: 3^1=3, 3^2=9, 3^3=27, 3^4=81, 3^5=243, 3^6=729, 3^7=2187, 3^8=6561, 3^9=19683, 3^{10}=59049. <nEwLiNe>So, a9 = (59049 - 1)/2 = 59048/2 = 29524. <nEwLiNe>Then, the entire expression is 3*a9 = 3*29524 = 88,572. <nEwLiNe>Yes, that confirms my earlier step-by-step computation. So, the result is indeed 88,572. <nEwLiNe>I think that's solid. I don't see any mistakes in the reasoning. So, the value is 88,572. <nEwLiNe>**Final Answer** <nEwLiNe>The value of the expression is \boxed{88572}. <nEwLiNe>"
20,88572,1,5,788,"
 So now the expression is: <nEwLiNe>3(1 + 3(1 + 3(1 + 3(1 + 3(1 + 3(1 + 3(1 + 3(13))))))) <nEwLiNe>Moving out another layer. It's 1 + 3(13). 3 times 13 is 39, plus 1 is 40. <nEwLiNe>So replacing that part: <nEwLiNe>3(1 + 3(1 + 3(1 + 3(1 + 3(1 + 3(1 + 3(40))))))) <nEwLiNe>Next layer: 1 + 3(40). 3*40=120, +1=121. <nEwLiNe>Expression becomes: <nEwLiNe>3(1 + 3(1 + 3(1 + 3(1 + 3(1 + 3(121))))) <nEwLiNe>Continuing: 1 + 3(121). 3*121=363, +1=364. <nEwLiNe>So now: <nEwLiNe>3(1 + 3(1 + 3(1 + 3(1 + 3(364)))) <nEwLiNe>Next: 1 + 3(364). 3*364=1092, +1=1093. <nEwLiNe>Expression: 3(1 + 3(1 + 3(1 + 3(1093))) <nEwLiNe>Next: 1 + 3(1093). 3*1093=3279, +1=3280. <nEwLiNe>So now: 3(1 + 3(1 + 3(3280)) <nEwLiNe>Next: 1 + 3(3280). 3*3280=9840, +1=9841. <nEwLiNe>Expression: 3(1 + 3(9841)) <nEwLiNe>Next: 1 + 3(9841). 3*9841=29523, +1=29524. <nEwLiNe>So now: 3(29524) <nEwLiNe>Finally, 3*29524. Let me compute that. 29524 * 3.  <nEwLiNe>Calculating step by step: <nEwLiNe>29524 * 3: <nEwLiNe>4 * 3 = 12, write down 2, carryover 1. <nEwLiNe>2 * 3 = 6 +1 =7, write down 7. <nEwLiNe>5 * 3 =15, write down 5, carryover 1. <nEwLiNe>9 * 3=27 +1=28, write down 8, carryover 2. <nEwLiNe>2 * 3=6 +2=8, write down 8. <nEwLiNe>So putting it all together: 88572. <nEwLiNe>Wait, let me verify the multiplication: <nEwLiNe>29524 <nEwLiNe>*      3 <nEwLiNe>-------- <nEwLiNe>88572 <nEwLiNe>Yes, that seems correct. 3*20000=60000, 3*9000=27000, 3*500=1500, 3*20=60, 3*4=12. Adding them all: 60000+27000=87000, +1500=88500, +60=88560, +12=88572. Perfect. <nEwLiNe>So, after working through each layer, the final result is 88572. <nEwLiNe>**Final Answer** <nEwLiNe>The value of the expression is \boxed{88572}. <nEwLiNe>"
